/*
SQLyog Ultimate v12.09 (64 bit)
MySQL - 5.7.26-log : Database - changgou_config
*********************************************************************
*/

/*!40101 SET NAMES utf8 */;

/*!40101 SET SQL_MODE=''*/;

/*!40014 SET @OLD_UNIQUE_CHECKS=@@UNIQUE_CHECKS, UNIQUE_CHECKS=0 */;
/*!40014 SET @OLD_FOREIGN_KEY_CHECKS=@@FOREIGN_KEY_CHECKS, FOREIGN_KEY_CHECKS=0 */;
/*!40101 SET @OLD_SQL_MODE=@@SQL_MODE, SQL_MODE='NO_AUTO_VALUE_ON_ZERO' */;
/*!40111 SET @OLD_SQL_NOTES=@@SQL_NOTES, SQL_NOTES=0 */;
CREATE DATABASE /*!32312 IF NOT EXISTS*/`changgou_config` /*!40100 DEFAULT CHARACTER SET utf8 */;

USE `changgou_config`;

/*Table structure for table `oauth_access_token` */

DROP TABLE IF EXISTS `oauth_access_token`;

CREATE TABLE `oauth_access_token` (
  `token_id` varchar(256) DEFAULT NULL,
  `token` blob,
  `authentication_id` varchar(48) NOT NULL,
  `user_name` varchar(256) DEFAULT NULL,
  `client_id` varchar(256) DEFAULT NULL,
  `authentication` blob,
  `refresh_token` varchar(256) DEFAULT NULL,
  PRIMARY KEY (`authentication_id`) USING BTREE
) ENGINE=InnoDB DEFAULT CHARSET=utf8 ROW_FORMAT=DYNAMIC;

/*Data for the table `oauth_access_token` */

insert  into `oauth_access_token`(`token_id`,`token`,`authentication_id`,`user_name`,`client_id`,`authentication`,`refresh_token`) values ('ad79b16e07764e54283f2594c424d61b','╛М\0sr\0Corg.springframework.security.oauth2.common.DefaultOAuth2AccessToken╡·6$Зн\0L\0additionalInformationt\0Ljava/util/Map;L\0\nexpirationt\0Ljava/util/Date;L\0refreshTokent\0?Lorg/springframework/security/oauth2/common/OAuth2RefreshToken;L\0scopet\0Ljava/util/Set;L\0	tokenTypet\0Ljava/lang/String;L\0valueq\0~\0xpsr\0java.util.Collections$EmptyMapY6┘ZэГп\0\0xpsr\0java.util.Datehj│KYt\0\0xpw\0\0k╙Lш─xsr\0Lorg.springframework.security.oauth2.common.DefaultExpiringOAuth2RefreshToken/ъGc²пи╥\0L\0\nexpirationq\0~\0xr\0Dorg.springframework.security.oauth2.common.DefaultOAuth2RefreshTokensА\ncTт^\0L\0valueq\0~\0xpt\0$3ca9fda6-8604-409c-af3e-04def0cbd499sq\0~\0	w\0\0k╙Lш~xsr\0%java.util.Collections$UnmodifiableSet─▓я▐⌡─U\0\0xr\0,java.util.Collections$UnmodifiableCollectionB\0─к^В\0L\0ct\0Ljava/util/Collection;xpsr\0java.util.LinkedHashSetьlвZ∙щ*\0\0xr\0java.util.HashSet╨D┘∙√╦╥4\0\0xpw\0\0\0?@\0\0\0\0\0t\0appxt\0bearert\0$d62a446e-e7d1-4035-8e26-b683702833db','e612b98b5049ffc3875a40306694fa3d','sunwukong','changgou','╛М\0sr\0Aorg.springframework.security.oauth2.provider.OAuth2Authentication╫@bR\0L\0\rstoredRequestt\0<Lorg/springframework/security/oauth2/provider/OAuth2Request;L\0userAuthenticationt\02Lorg/springframework/security/core/Authentication;xr\0Gorg.springframework.security.authentication.AbstractAuthenticationTokenс╙(~nGd\0Z\0\rauthenticatedL\0authoritiest\0Ljava/util/Collection;L\0detailst\0Ljava/lang/Object;xp\0sr\0&java.util.Collections$UnmodifiableListЭ%1╣Л▌\0L\0listt\0Ljava/util/List;xr\0,java.util.Collections$UnmodifiableCollectionB\0─к^В\0L\0cq\0~\0xpsr\0java.util.ArrayListx│р≥гa²\0I\0sizexp\0\0\0w\0\0\0sr\0Borg.springframework.security.core.authority.SimpleGrantedAuthority\0\0\0\0\0\0Ч\0L\0rolet\0Ljava/lang/String;xpt\0\n222sfsdfsfsq\0~\0\rt\0\rbrand_findAllxq\0~\0psr\0:org.springframework.security.oauth2.provider.OAuth2Request\0\0\0\0\0\0\0\0Z\0approvedL\0authoritiesq\0~\0L\0\nextensionst\0Ljava/util/Map;L\0redirectUriq\0~\0L\0refresht\0;Lorg/springframework/security/oauth2/provider/TokenRequest;L\0resourceIdst\0Ljava/util/Set;L\0\rresponseTypesq\0~\0xr\08org.springframework.security.oauth2.provider.BaseRequest6(z>ёqi╫\0L\0clientIdq\0~\0L\0requestParametersq\0~\0L\0scopeq\0~\0xpt\0changgousr\0%java.util.Collections$UnmodifiableMapЯ╔╗ЧtУB\0L\0mq\0~\0xpsr\0java.util.HashMapзац`я\0F\0\nloadFactorI\0	thresholdxp?@\0\0\0\0\0w\0\0\0\0\0\0t\0codet\0Zd3dFEt\0scopt\0appt\0\ngrant_typet\0authorization_codet\0\rresponse_typet\0codet\0redirect_urit\0http://localhostt\0	client_idq\0~\0xsr\0%java.util.Collections$UnmodifiableSet─▓я▐⌡─U\0\0xq\0~\0	sr\0java.util.LinkedHashSetьlвZ∙щ*\0\0xr\0java.util.HashSet╨D┘∙√╦╥4\0\0xpw\0\0\0?@\0\0\0\0\0t\0appxsq\0~\0,w\0\0\0?@\0\0\0\0\0\0xsq\0~\0?@\0\0\0\0\0\0w\0\0\0\0\0\0\0xt\0http://localhostpsq\0~\0,w\0\0\0?@\0\0\0\0\0\0xsq\0~\0,w\0\0\0?@\0\0\0\0\0q\0~\0%xsr\0Oorg.springframework.security.authentication.UsernamePasswordAuthenticationToken\0\0\0\0\0\0Ч\0L\0credentialsq\0~\0L\0	principalq\0~\0xq\0~\0sq\0~\0sq\0~\0\0\0\0w\0\0\0q\0~\0q\0~\0xq\0~\07sr\0Horg.springframework.security.web.authentication.WebAuthenticationDetails\0\0\0\0\0\0Ч\0L\0\rremoteAddressq\0~\0L\0	sessionIdq\0~\0xpt\00:0:0:0:0:0:0:1t\0 9D1128A4A0B4F3CA7D3DDCDEA24A234Fpsr\02org.springframework.security.core.userdetails.User\0\0\0\0\0\0Ч\0Z\0accountNonExpiredZ\0accountNonLockedZ\0credentialsNonExpiredZ\0enabledL\0authoritiesq\0~\0L\0passwordq\0~\0L\0usernameq\0~\0xpsq\0~\0)sr\0java.util.TreeSetщ≤P⌠∙М┤[\0\0xpsr\0Forg.springframework.security.core.userdetails.User$AuthorityComparator\0\0\0\0\0\0Ч\0\0xpw\0\0\0q\0~\0q\0~\0xpt\0	sunwukong','a0be443174d15ac154725037c2f2ebb2');

/*Table structure for table `oauth_approvals` */

DROP TABLE IF EXISTS `oauth_approvals`;

CREATE TABLE `oauth_approvals` (
  `userId` varchar(256) DEFAULT NULL,
  `clientId` varchar(256) DEFAULT NULL,
  `scope` varchar(256) DEFAULT NULL,
  `status` varchar(10) DEFAULT NULL,
  `expiresAt` timestamp NOT NULL DEFAULT CURRENT_TIMESTAMP ON UPDATE CURRENT_TIMESTAMP,
  `lastModifiedAt` timestamp NOT NULL DEFAULT CURRENT_TIMESTAMP
) ENGINE=InnoDB DEFAULT CHARSET=utf8 ROW_FORMAT=DYNAMIC;

/*Data for the table `oauth_approvals` */

/*Table structure for table `oauth_client_details` */

DROP TABLE IF EXISTS `oauth_client_details`;

CREATE TABLE `oauth_client_details` (
  `client_id` varchar(48) NOT NULL COMMENT 'Е╝╒Ф┬╥Г╚╞IDО╪▄Д╦╩Х╕│Г■╗Д╨▌Ф═┤Х╞├Е╞╧Е╨■Г └Е╨■Г■╗',
  `resource_ids` varchar(256) DEFAULT NULL,
  `client_secret` varchar(256) DEFAULT NULL COMMENT 'Е╝╒Ф┬╥Г╚╞Г╖≤И▓╔О╪▄BCryptPasswordEncoderЕ┼═Е╞├',
  `scope` varchar(256) DEFAULT NULL COMMENT 'Е╞╧Е╨■Г └Х▄┐Е⌡╢',
  `authorized_grant_types` varchar(256) DEFAULT NULL COMMENT 'Х╝╓Х╞│Ф╗║Е╪▐',
  `web_server_redirect_uri` varchar(256) DEFAULT NULL COMMENT 'Х╝╓Х╞│Е░▌И┤█Е╝ Е░▒Е°╟Е²─',
  `authorities` varchar(256) DEFAULT NULL,
  `access_token_validity` int(11) DEFAULT NULL COMMENT 'Д╩╓Г┴▄Ф°┴Ф∙┬Ф°÷',
  `refresh_token_validity` int(11) DEFAULT NULL COMMENT 'Д╩╓Г┴▄Е┬╥Ф√╟Е▒╗Ф°÷',
  `additional_information` varchar(4096) DEFAULT NULL,
  `autoapprove` varchar(256) DEFAULT NULL,
  PRIMARY KEY (`client_id`) USING BTREE
) ENGINE=InnoDB DEFAULT CHARSET=utf8 ROW_FORMAT=DYNAMIC;

/*Data for the table `oauth_client_details` */

insert  into `oauth_client_details`(`client_id`,`resource_ids`,`client_secret`,`scope`,`authorized_grant_types`,`web_server_redirect_uri`,`authorities`,`access_token_validity`,`refresh_token_validity`,`additional_information`,`autoapprove`) values ('changgou',NULL,'$2a$10$aZLoa3cuXgQnukHJUcTGWuhSJxd0vS0zeAxQ5Lv6fqfQoZQikl54G','app','authorization_code,password,refresh_token,client_credentials','http://localhost',NULL,43200,43200,NULL,NULL),('userweb',NULL,'$2a$10$Yvkp3xzDcri6MAsPIqnzzeGBHez1QZR3A079XDdmNU4R725KrkXi2','app','password,refresh_token','http://localhost',NULL,NULL,NULL,NULL,NULL);

/*Table structure for table `oauth_client_token` */

DROP TABLE IF EXISTS `oauth_client_token`;

CREATE TABLE `oauth_client_token` (
  `token_id` varchar(256) DEFAULT NULL,
  `token` blob,
  `authentication_id` varchar(48) NOT NULL,
  `user_name` varchar(256) DEFAULT NULL,
  `client_id` varchar(256) DEFAULT NULL,
  PRIMARY KEY (`authentication_id`) USING BTREE
) ENGINE=InnoDB DEFAULT CHARSET=utf8 ROW_FORMAT=DYNAMIC;

/*Data for the table `oauth_client_token` */

/*Table structure for table `oauth_code` */

DROP TABLE IF EXISTS `oauth_code`;

CREATE TABLE `oauth_code` (
  `code` varchar(256) DEFAULT NULL,
  `authentication` blob
) ENGINE=InnoDB DEFAULT CHARSET=utf8 ROW_FORMAT=DYNAMIC;

/*Data for the table `oauth_code` */

/*Table structure for table `oauth_refresh_token` */

DROP TABLE IF EXISTS `oauth_refresh_token`;

CREATE TABLE `oauth_refresh_token` (
  `token_id` varchar(256) DEFAULT NULL,
  `token` blob,
  `authentication` blob
) ENGINE=InnoDB DEFAULT CHARSET=utf8 ROW_FORMAT=DYNAMIC;

/*Data for the table `oauth_refresh_token` */

insert  into `oauth_refresh_token`(`token_id`,`token`,`authentication`) values ('a0be443174d15ac154725037c2f2ebb2','╛М\0sr\0Lorg.springframework.security.oauth2.common.DefaultExpiringOAuth2RefreshToken/ъGc²пи╥\0L\0\nexpirationt\0Ljava/util/Date;xr\0Dorg.springframework.security.oauth2.common.DefaultOAuth2RefreshTokensА\ncTт^\0L\0valuet\0Ljava/lang/String;xpt\0$3ca9fda6-8604-409c-af3e-04def0cbd499sr\0java.util.Datehj│KYt\0\0xpw\0\0k╙Lш~x','╛М\0sr\0Aorg.springframework.security.oauth2.provider.OAuth2Authentication╫@bR\0L\0\rstoredRequestt\0<Lorg/springframework/security/oauth2/provider/OAuth2Request;L\0userAuthenticationt\02Lorg/springframework/security/core/Authentication;xr\0Gorg.springframework.security.authentication.AbstractAuthenticationTokenс╙(~nGd\0Z\0\rauthenticatedL\0authoritiest\0Ljava/util/Collection;L\0detailst\0Ljava/lang/Object;xp\0sr\0&java.util.Collections$UnmodifiableListЭ%1╣Л▌\0L\0listt\0Ljava/util/List;xr\0,java.util.Collections$UnmodifiableCollectionB\0─к^В\0L\0cq\0~\0xpsr\0java.util.ArrayListx│р≥гa²\0I\0sizexp\0\0\0w\0\0\0sr\0Borg.springframework.security.core.authority.SimpleGrantedAuthority\0\0\0\0\0\0Ч\0L\0rolet\0Ljava/lang/String;xpt\0\n222sfsdfsfsq\0~\0\rt\0\rbrand_findAllxq\0~\0psr\0:org.springframework.security.oauth2.provider.OAuth2Request\0\0\0\0\0\0\0\0Z\0approvedL\0authoritiesq\0~\0L\0\nextensionst\0Ljava/util/Map;L\0redirectUriq\0~\0L\0refresht\0;Lorg/springframework/security/oauth2/provider/TokenRequest;L\0resourceIdst\0Ljava/util/Set;L\0\rresponseTypesq\0~\0xr\08org.springframework.security.oauth2.provider.BaseRequest6(z>ёqi╫\0L\0clientIdq\0~\0L\0requestParametersq\0~\0L\0scopeq\0~\0xpt\0changgousr\0%java.util.Collections$UnmodifiableMapЯ╔╗ЧtУB\0L\0mq\0~\0xpsr\0java.util.HashMapзац`я\0F\0\nloadFactorI\0	thresholdxp?@\0\0\0\0\0w\0\0\0\0\0\0t\0codet\0Zd3dFEt\0scopt\0appt\0\ngrant_typet\0authorization_codet\0\rresponse_typet\0codet\0redirect_urit\0http://localhostt\0	client_idq\0~\0xsr\0%java.util.Collections$UnmodifiableSet─▓я▐⌡─U\0\0xq\0~\0	sr\0java.util.LinkedHashSetьlвZ∙щ*\0\0xr\0java.util.HashSet╨D┘∙√╦╥4\0\0xpw\0\0\0?@\0\0\0\0\0t\0appxsq\0~\0,w\0\0\0?@\0\0\0\0\0\0xsq\0~\0?@\0\0\0\0\0\0w\0\0\0\0\0\0\0xt\0http://localhostpsq\0~\0,w\0\0\0?@\0\0\0\0\0\0xsq\0~\0,w\0\0\0?@\0\0\0\0\0q\0~\0%xsr\0Oorg.springframework.security.authentication.UsernamePasswordAuthenticationToken\0\0\0\0\0\0Ч\0L\0credentialsq\0~\0L\0	principalq\0~\0xq\0~\0sq\0~\0sq\0~\0\0\0\0w\0\0\0q\0~\0q\0~\0xq\0~\07sr\0Horg.springframework.security.web.authentication.WebAuthenticationDetails\0\0\0\0\0\0Ч\0L\0\rremoteAddressq\0~\0L\0	sessionIdq\0~\0xpt\00:0:0:0:0:0:0:1t\0 9D1128A4A0B4F3CA7D3DDCDEA24A234Fpsr\02org.springframework.security.core.userdetails.User\0\0\0\0\0\0Ч\0Z\0accountNonExpiredZ\0accountNonLockedZ\0credentialsNonExpiredZ\0enabledL\0authoritiesq\0~\0L\0passwordq\0~\0L\0usernameq\0~\0xpsq\0~\0)sr\0java.util.TreeSetщ≤P⌠∙М┤[\0\0xpsr\0Forg.springframework.security.core.userdetails.User$AuthorityComparator\0\0\0\0\0\0Ч\0\0xpw\0\0\0q\0~\0q\0~\0xpt\0	sunwukong');

/*Table structure for table `tb_address` */

DROP TABLE IF EXISTS `tb_address`;

CREATE TABLE `tb_address` (
  `id` int(11) NOT NULL AUTO_INCREMENT,
  `username` varchar(50) DEFAULT NULL COMMENT 'Г■╗Ф┬╥Е░█',
  `provinceid` varchar(20) DEFAULT NULL COMMENT 'Г°│',
  `cityid` varchar(20) DEFAULT NULL COMMENT 'Е╦┌',
  `areaid` varchar(20) DEFAULT NULL COMMENT 'Е▌©/Е▄╨',
  `phone` varchar(20) DEFAULT NULL COMMENT 'Г■╣Х╞²',
  `address` varchar(200) DEFAULT NULL COMMENT 'Х╞╕Г╩├Е°╟Е²─',
  `contact` varchar(50) DEFAULT NULL COMMENT 'Х│■ГЁ╩Д╨╨',
  `is_default` varchar(1) DEFAULT NULL COMMENT 'Ф≤╞Е░╕Ф≤╞И╩≤Х╝╓ 1И╩≤Х╝╓ 0Е░╕',
  `alias` varchar(50) DEFAULT NULL COMMENT 'Е┬╚Е░█',
  PRIMARY KEY (`id`) USING BTREE
) ENGINE=InnoDB AUTO_INCREMENT=66 DEFAULT CHARSET=utf8 ROW_FORMAT=DYNAMIC;

/*Data for the table `tb_address` */

insert  into `tb_address`(`id`,`username`,`provinceid`,`cityid`,`areaid`,`phone`,`address`,`contact`,`is_default`,`alias`) values (59,'lijialong',NULL,NULL,NULL,'13900112222','И┤▒Г┤∙И╬≥Е┼·Е┘╛Ф╔╪','Ф²▌Е≤┴Х╞ ','0',NULL),(60,'lijialong',NULL,NULL,NULL,'13700221122','Д©╝Ф╜ёЕ╓╖Е▌╕','Ф²▌Д╫ЁГ╨╒','0',NULL),(61,'lijialong',NULL,NULL,NULL,'13301212233','Д╦╜Х┘╬Е╓╖Е▌╕','Ф²▌Д╫ЁФ≤÷','1',NULL),(62,'0',NULL,NULL,NULL,NULL,'Х╔©Г⌡╢И≈╗','Х╣╣Д╦┴','1',NULL),(63,'0',NULL,NULL,NULL,'11011011','Ф╟╦Ф≤╔Ф╜╕И╕├','Ф²▌Е╟▐И╬≥','0','Е╝╤И┤▄'),(64,'0',NULL,NULL,NULL,'999111','Е▓▐Ф≤╔Ф╜╕И╕├Ф─╩И┐╗','Е▐╤И≈╝','1','Е╦┬Г┬╥Е╝╤'),(65,'0',NULL,NULL,NULL,'13301212233','Е▄≈Д╨╛Е╦┌Ф≤▄Е╧ЁЕ▄╨','Е╪═Д╦┴','1','Е▄≈Д╨╛Е╝╤');

/*Table structure for table `tb_areas` */

DROP TABLE IF EXISTS `tb_areas`;

CREATE TABLE `tb_areas` (
  `areaid` varchar(20) NOT NULL COMMENT 'Е▄╨Е÷÷ID',
  `area` varchar(50) NOT NULL COMMENT 'Е▄╨Е÷÷Е░█Г╖╟',
  `cityid` varchar(20) NOT NULL COMMENT 'Е÷▌Е╦┌ID',
  PRIMARY KEY (`areaid`) USING BTREE
) ENGINE=InnoDB DEFAULT CHARSET=utf8 ROW_FORMAT=DYNAMIC COMMENT='Х║▄Ф■©Е▄╨Е÷÷Е▌©Е▄╨Д©║Ф│╞Х║╗';

/*Data for the table `tb_areas` */

insert  into `tb_areas`(`areaid`,`area`,`cityid`) values ('110101','Д╦°Е÷▌Е▄╨','110100'),('110102','Х╔©Е÷▌Е▄╨','110100'),('110103','Е╢┤Ф√┤Е▄╨','110100'),('110104','Е╝ёФ╜╕Е▄╨','110100'),('110105','Ф°²И≤ЁЕ▄╨','110100'),('110106','Д╦╟Е▐╟Е▄╨','110100'),('110107','Г÷ЁФ≥╞Е╠╠Е▄╨','110100'),('110108','Ф╣╥Ф╥─Е▄╨','110100'),('110109','И≈╗Е╓╢Ф╡÷Е▄╨','110100'),('110111','Ф┬©Е╠╠Е▄╨','110100'),('110112','И─ Е╥·Е▄╨','110100'),('110113','И║╨Д╧┴Е▄╨','110100'),('110114','Ф≤▄Е╧ЁЕ▄╨','110100'),('110115','Е╓╖Е┘╢Е▄╨','110100'),('110116','Ф──Ф÷■Е▄╨','110100'),('110117','Е╧ЁХ╟╥Е▄╨','110100'),('110228','Е╞├Д╨▒Е▌©','110200'),('110229','Е╩╤Е╨├Е▌©','110200'),('120101','Е▓▄Е╧ЁЕ▄╨','120100'),('120102','Ф╡ЁД╦°Е▄╨','120100'),('120103','Ф╡ЁХ╔©Е▄╨','120100'),('120104','Е█≈Е╪─Е▄╨','120100'),('120105','Ф╡ЁЕ▄≈Е▄╨','120100'),('120106','Г╨╒Ф║╔Е▄╨','120100'),('120107','Е║≤Ф╡╫Е▄╨','120100'),('120108','Ф╠┴Ф╡╫Е▄╨','120100'),('120109','Е╓╖Ф╦╞Е▄╨','120100'),('120110','Д╦°Д╦╫Е▄╨','120100'),('120111','Х╔©И²▓Е▄╨','120100'),('120112','Ф╢╔Е█≈Е▄╨','120100'),('120113','Е▄≈Х╬╟Е▄╨','120100'),('120114','Ф╜╕Ф╦┘Е▄╨','120100'),('120115','Е╝²Е²╩Е▄╨','120100'),('120221','Е╝│Ф╡ЁЕ▌©','120200'),('120223','И²≥Ф╣╥Е▌©','120200'),('120225','Х⌠÷Ц──Е▌©','120200'),('130101','Е╦┌Х╬√Е▄╨','130100'),('130102','И∙©Е╝┴Е▄╨','130100'),('130103','Ф║╔Д╦°Е▄╨','130100'),('130104','Ф║╔Х╔©Е▄╨','130100'),('130105','Ф√╟Е█▌Е▄╨','130100'),('130107','Д╨∙И≥┴Г÷©Е▄╨','130100'),('130108','Хё∙Е█▌Е▄╨','130100'),('130121','Д╨∙И≥┴Е▌©','130100'),('130123','Ф╜ёЕ╝ Е▌©','130100'),('130124','Ф═╬Е÷▌Е▌©','130100'),('130125','Х║▄Е■░Е▌©','130100'),('130126','Г│╣Е╞©Е▌©','130100'),('130127','И╚≤И┌▒Е▌©','130100'),('130128','Ф╥╠ФЁ╫Е▌©','130100'),('130129','Х╣·Г ┤Е▌©','130100'),('130130','Ф≈═Ф·│Е▌©','130100'),('130131','Е╧ЁЕ╠╠Е▌©','130100'),('130132','Е┘┐Ф╟▐Е▌©','130100'),('130133','Х╣╣Ц──Е▌©','130100'),('130181','Х╬⌡И⌡├Е╦┌','130100'),('130182','Х≈│Е÷▌Е╦┌','130100'),('130183','Ф≥▀Е╥·Е╦┌','130100'),('130184','Ф√╟Д╧░Е╦┌','130100'),('130185','И╧©ФЁ┴Е╦┌','130100'),('130201','Е╦┌Х╬√Е▄╨','130200'),('130202','Х╥╞Е█≈Е▄╨','130200'),('130203','Х╥╞Е▄≈Е▄╨','130200'),('130204','Е▐╓Е├╤Е▄╨','130200'),('130205','Е╪─Е╧ЁЕ▄╨','130200'),('130207','Д╦╟Е█≈Е▄╨','130200'),('130208','Д╦╟Ф╤╕Е▄╨','130200'),('130223','Ф╩╕Ц──Е▌©','130200'),('130224','Ф╩╕Е█≈Е▌©','130200'),('130225','Д╧░Д╨╜Е▌©','130200'),('130227','Х©│Х╔©Е▌©','130200'),('130229','Г▌┴Г■╟Е▌©','130200'),('130230','Е■░Ф╣╥Е▌©','130200'),('130281','И│╣Е▄√Е╦┌','130200'),('130283','Х©│Е╝┴Е╦┌','130200'),('130301','Е╦┌Х╬√Е▄╨','130300'),('130302','Ф╣╥Ф╦╞Е▄╨','130300'),('130303','Е╠╠Ф╣╥Е┘ЁЕ▄╨','130300'),('130304','Е▄≈Ф┬╢Ф╡ЁЕ▄╨','130300'),('130321','И²▓И╬≥Ф╩║Ф≈▐Х┤╙Ф╡╩Е▌©','130300'),('130322','Ф≤▄И╩▌Е▌©','130300'),('130323','Ф┼ Е╝│Е▌©','130300'),('130324','Е█╒И╬≥Е▌©','130300'),('130401','Е╦┌Х╬√Е▄╨','130400'),('130402','И┌╞Е╠╠Е▄╨','130400'),('130403','Д╦⌡Е▐╟Е▄╨','130400'),('130404','Е╓█Е┘╢Е▄╨','130400'),('130406','ЕЁ╟ЕЁ╟Г÷©Е▄╨','130400'),('130421','И┌╞И┐╦Е▌©','130400'),('130423','Д╦╢Ф╪ЁЕ▌©','130400'),('130424','Ф┬░Е╝┴Е▌©','130400'),('130425','Е╓╖Е░█Е▌©','130400'),('130426','Ф╤┴Ц──Е▌©','130400'),('130427','Гё│Ц──Е▌©','130400'),('130428','Х┌╔Д╧║Е▌©','130400'),('130429','Ф╟╦Е╧╢Е▌©','130400'),('130430','И┌╠Ц──Е▌©','130400'),('130431','И╦║ФЁ╫Е▌©','130400'),('130432','Е╧©Е╧ЁЕ▌©','130400'),('130433','И╕├И≥╤Е▌©','130400'),('130434','И╜▐Ц──Е▌©','130400'),('130435','Ф⌡╡Е▒╗Е▌©','130400'),('130481','Ф╜╕Е╝┴Е╦┌','130400'),('130501','Е╦┌Х╬√Е▄╨','130500'),('130502','Ф║╔Д╦°Е▄╨','130500'),('130503','Ф║╔Х╔©Е▄╨','130500'),('130521','И┌╒Е▐╟Е▌©','130500'),('130522','Д╦╢Е÷▌Е▌©','130500'),('130523','Е├┘Д╦≤Е▌©','130500'),('130524','Ф÷▐Д╧║Е▌©','130500'),('130525','И ├Е╟╖Е▌©','130500'),('130526','Д╩╩Ц──Е▌©','130500'),('130527','Е█≈Е▓▄Е▌©','130500'),('130528','Е╝│Ф≥▀Е▌©','130500'),('130529','Е╥╗И╧©Е▌©','130500'),('130530','Ф√╟Ф╡ЁЕ▌©','130500'),('130531','Е╧©Е╝≈Е▌©','130500'),('130532','Е╧ЁД╧║Е▌©','130500'),('130533','Е╗│Ц──Е▌©','130500'),('130534','Ф╦┘Ф╡ЁЕ▌©','130500'),('130535','Д╦╢Х╔©Е▌©','130500'),('130581','Е█≈Е╝╚Е╦┌','130500'),('130582','Ф╡≥Ф╡ЁЕ╦┌','130500'),('130601','Е╦┌Х╬√Е▄╨','130600'),('130602','Ф√╟Е╦┌Е▄╨','130600'),('130603','Е▄≈Е╦┌Е▄╨','130600'),('130604','Е█≈Е╦┌Е▄╨','130600'),('130621','Ф╩║Е÷▌Е▌©','130600'),('130622','Ф╦┘Х▀▒Е▌©','130600'),('130623','Ф╤·Ф╟╢Е▌©','130600'),('130624','И≤°Е╧ЁЕ▌©','130600'),('130625','Е╬░Ф╟╢Е▌©','130600'),('130626','Е╝ Е┘╢Е▌©','130600'),('130627','Е■░Ц──Е▌©','130600'),('130628','И╚≤И≤ЁЕ▌©','130600'),('130629','Е╝╧Е÷▌Е▌©','130600'),('130630','Ф╤·Ф╨░Е▌©','130600'),('130631','Ф°⌡И┐╫Е▌©','130600'),('130632','Е╝┴Ф√╟Е▌©','130600'),('130633','Ф≤⌠Ц──Е▌©','130600'),('130634','Ф⌡╡И≤ЁЕ▌©','130600'),('130635','Х═║Ц──Е▌©','130600'),('130636','И║╨Е╧ЁЕ▌©','130600'),('130637','Е█ И┤▌Е▌©','130600'),('130638','И⌡└Ц──Е▌©','130600'),('130681','Ф╤©Е╥·Е╦┌','130600'),('130682','Е╝ Е╥·Е╦┌','130600'),('130683','Е╝┴Е⌡╫Е╦┌','130600'),('130684','И╚≤Г╒▒Е╨≈Е╦┌','130600'),('130701','Е╦┌Х╬√Е▄╨','130700'),('130702','Ф║╔Д╦°Е▄╨','130700'),('130703','Ф║╔Х╔©Е▄╨','130700'),('130705','Е╝ёЕ▄√Е▄╨','130700'),('130706','Д╦▀Х┼╠Е⌡╜Е▄╨','130700'),('130721','Е╝ёЕ▄√Е▌©','130700'),('130722','Е╪═Е▄≈Е▌©','130700'),('130723','Е╨╥Д©²Е▌©','130700'),('130724','Ф╡╫Ф╨░Е▌©','130700'),('130725','Е╟ Д╧┴Е▌©','130700'),('130726','Х■ Ц──Е▌©','130700'),('130727','И≤ЁЕ▌÷Е▌©','130700'),('130728','Ф──Е╝┴Е▌©','130700'),('130729','Д╦┤Е┘╗Е▌©','130700'),('130730','Ф──Ф²╔Е▌©','130700'),('130731','Ф╤©И╧©Е▌©','130700'),('130732','Х╣╓Е÷▌Е▌©','130700'),('130733','Е╢┤Г╓╪Е▌©','130700'),('130801','Е╦┌Х╬√Е▄╨','130800'),('130802','Е▐▄Ф║╔Е▄╨','130800'),('130803','Е▐▄Ф╩╕Е▄╨','130800'),('130804','И╧╟Ф┴▀Х░╔Е╜░Г÷©Е▄╨','130800'),('130821','Ф┴©Е╬╥Е▌©','130800'),('130822','Е┘╢И ├Е▌©','130800'),('130823','Е╧ЁФЁ┴Е▌©','130800'),('130824','Ф╩╕Е╧ЁЕ▌©','130800'),('130825','И ├Е▄√Е▌©','130800'),('130826','Д╦╟Е╝│Ф╩║Ф≈▐Х┤╙Ф╡╩Е▌©','130800'),('130827','Е╝╫Е÷▌Ф╩║Ф≈▐Х┤╙Ф╡╩Е▌©','130800'),('130828','Е⌡╢Е°╨Ф╩║Ф≈▐Х▓≥Е▐╓Ф≈▐Х┤╙Ф╡╩Е▌©','130800'),('130901','Е╦┌Х╬√Е▄╨','130900'),('130902','Ф√╟Е█▌Е▄╨','130900'),('130903','Х©░Ф╡ЁЕ▄╨','130900'),('130921','Ф╡╖Ц──Е▌©','130900'),('130922','И²▓Ц──Е▌©','130900'),('130923','Д╦°Е┘┴Е▌©','130900'),('130924','Ф╣╥Е┘╢Е▌©','130900'),('130925','Г⌡░Е╠╠Е▌©','130900'),('130926','Х┌┐Е╝│Е▌©','130900'),('130927','Е█≈Г ╝Е▌©','130900'),('130928','Е░╢Ф║╔Е▌©','130900'),('130929','Г▄╝Ц──Е▌©','130900'),('130930','Е╜÷Ф²▒Е⌡·Ф≈▐Х┤╙Ф╡╩Е▌©','130900'),('130981','ФЁ┼Е╓╢Е╦┌','130900'),('130982','Д╩╩Д╦≤Е╦┌','130900'),('130983','И╩└И╙┘Е╦┌','130900'),('130984','Ф╡ЁИ≈╢Е╦┌','130900'),('131001','Е╦┌Х╬√Е▄╨','131000'),('131002','Е╝┴Ф╛║Е▄╨','131000'),('131003','Е╧©И≤ЁЕ▄╨','131000'),('131022','Е⌡╨Е╝┴Е▌©','131000'),('131023','Ф╟╦Ф╦┘Е▌©','131000'),('131024','И╕≥Ф╡ЁЕ▌©','131000'),('131025','Е╓╖Е÷▌Е▌©','131000'),('131026','Ф√┤Е╝┴Е▌©','131000'),('131028','Е╓╖Е▌┌Е⌡·Ф≈▐Х┤╙Ф╡╩Е▌©','131000'),('131081','И°╦Е╥·Е╦┌','131000'),('131082','Д╦┴Ф╡ЁЕ╦┌','131000'),('131101','Е╦┌Х╬√Е▄╨','131100'),('131102','Ф║┐Е÷▌Е▄╨','131100'),('131121','Ф·ёЕ╪╨Е▌©','131100'),('131122','Ф╜╕И┌▒Е▌©','131100'),('131123','Ф╜╕Е╪╨Е▌©','131100'),('131124','И╔╤И≤ЁЕ▌©','131100'),('131125','Е╝┴Е╧ЁЕ▌©','131100'),('131126','Ф∙┘Е÷▌Е▌©','131100'),('131127','Ф≥╞Ц──Е▌©','131100'),('131128','И≤°Е÷▌Е▌©','131100'),('131181','Е├─Е╥·Е╦┌','131100'),('131182','Ф╥╠Е╥·Е╦┌','131100'),('140101','Е╦┌Х╬√Е▄╨','140100'),('140105','Е╟▐Е╨≈Е▄╨','140100'),('140106','Х©▌ФЁ╫Е▄╨','140100'),('140107','Ф²▐Х┼╠Е╡╜Е▄╨','140100'),('140108','Е╟√Х█┴Е²╙Е▄╨','140100'),('140109','Д╦┤Ф÷▐Ф·≈Е▄╨','140100'),('140110','Ф≥▀Ф╨░Е▄╨','140100'),('140121','Ф╦┘Е╬░Е▌©','140100'),('140122','И≤ЁФ⌡╡Е▌©','140100'),('140123','Е╗└Г┐╕Е▌©','140100'),('140181','Е▐╓Д╨╓Е╦┌','140100'),('140201','Е╦┌Х╬√Е▄╨','140200'),('140202','Е÷▌Ц──Е▄╨','140200'),('140203','Г÷©Ц──Е▄╨','140200'),('140211','Е█≈И┐┼Е▄╨','140200'),('140212','Ф√╟Х█ёЕ▄╨','140200'),('140221','И≤ЁИ╚≤Е▌©','140200'),('140222','Е╓╘И∙┤Е▌©','140200'),('140223','Е╧©Г│╣Е▌©','140200'),('140224','Г│╣Д╦≤Е▌©','140200'),('140225','Ф╣▒Ф╨░Е▌©','140200'),('140226','Е╥╕Д╨▒Е▌©','140200'),('140227','Е╓╖Е░▄Е▌©','140200'),('140301','Е╦┌Х╬√Е▄╨','140300'),('140302','Е÷▌Ц──Е▄╨','140300'),('140303','Г÷©Ц──Е▄╨','140300'),('140311','И┐┼Ц──Е▄╨','140300'),('140321','Е╧ЁЕ╝ Е▌©','140300'),('140322','Г⌡┌Ц──Е▌©','140300'),('140401','Е╦┌Х╬√Е▄╨','140400'),('140402','Е÷▌Ц──Е▄╨','140400'),('140411','И┐┼Ц──Е▄╨','140400'),('140421','И∙©Ф╡╩Е▌©','140400'),('140423','Х╔└Е·ёЕ▌©','140400'),('140424','Е╠╞Г∙≥Е▌©','140400'),('140425','Е╧ЁИ║╨Е▌©','140400'),('140426','И╩▌Е÷▌Е▌©','140400'),('140427','Её╤Е┘ЁЕ▌©','140400'),('140428','И∙©Е╜░Е▌©','140400'),('140429','Ф╜╕Д╧║Е▌©','140400'),('140430','Ф╡│Ц──Е▌©','140400'),('140431','Ф╡│Ф╨░Е▌©','140400'),('140481','Ф╫·Е÷▌Е╦┌','140400'),('140501','Е╦┌Х╬√Е▄╨','140500'),('140502','Е÷▌Ц──Е▄╨','140500'),('140521','Ф╡│Ф╟╢Е▌©','140500'),('140522','И≤ЁЕ÷▌Е▌©','140500'),('140524','И≥╣Е╥²Е▌©','140500'),('140525','ФЁ╫Е╥·Е▌©','140500'),('140581','И╚≤Е╧ЁЕ╦┌','140500'),('140601','Е╦┌Х╬√Е▄╨','140600'),('140602','Ф°■Е÷▌Е▄╨','140600'),('140603','Е╧ЁИ╡│Е▄╨','140600'),('140621','Е╠╠И≤╢Е▌©','140600'),('140622','Е╨■Ц──Е▌©','140600'),('140623','Е▐ЁГ▌┴Е▌©','140600'),('140624','Ф──Д╩│Е▌©','140600'),('140701','Е╦┌Х╬√Е▄╨','140700'),('140702','Ф╕├Ф╛║Е▄╨','140700'),('140721','Ф╕├Г╓╬Е▌©','140700'),('140722','Е╥╕Ф²┐Е▌©','140700'),('140723','Е▓▄И║╨Е▌©','140700'),('140724','Ф≤■И≤ЁЕ▌©','140700'),('140725','Е╞©И≤ЁЕ▌©','140700'),('140726','Е╓╙Х╟╥Е▌©','140700'),('140727','Г╔│Ц──Е▌©','140700'),('140728','Е╧ЁИ│╔Е▌©','140700'),('140729','Г│╣Г÷ЁЕ▌©','140700'),('140781','Д╩▀Д╪▒Е╦┌','140700'),('140801','Е╦┌Х╬√Е▄╨','140800'),('140802','Г⌡░Ф╧√Е▄╨','140800'),('140821','Д╦╢Г▄≈Е▌©','140800'),('140822','Д╦┤Х█ёЕ▌©','140800'),('140823','И≈╩Е√°Е▌©','140800'),('140824','Г╗╥Е╠╠Е▌©','140800'),('140825','Ф√╟Г╩⌡Е▌©','140800'),('140826','Г╩⌡Ц──Е▌©','140800'),('140827','Е·ёФ⌡╡Е▌©','140800'),('140828','Е╓▐Ц──Е▌©','140800'),('140829','Е╧ЁИ≥├Е▌©','140800'),('140830','Х┼╝Е÷▌Е▌©','140800'),('140881','Ф╟╦Ф╣▌Е╦┌','140800'),('140882','Ф╡ЁФ╢╔Е╦┌','140800'),('140901','Е╦┌Х╬√Е▄╨','140900'),('140902','Е©╩Е╨°Е▄╨','140900'),('140921','Е╝ Х╔└Е▌©','140900'),('140922','Д╨■Е▐╟Е▌©','140900'),('140923','Д╩ёЦ──Е▌©','140900'),('140924','Г╧│ЕЁ≥Е▌©','140900'),('140925','Е╝│Ф╜╕Е▌©','140900'),('140926','И²≥Д╧░Е▌©','140900'),('140927','Г╔·Ф╠═Е▌©','140900'),('140928','Д╨■Е╞╗Е▌©','140900'),('140929','Е╡╒Е╡ Е▌©','140900'),('140930','Ф╡ЁФ⌡╡Е▌©','140900'),('140931','Д©²Е╬╥Е▌©','140900'),('140932','Е│▐Е┘ЁЕ▌©','140900'),('140981','Е▌÷Е╧ЁЕ╦┌','140900'),('141001','Е╦┌Х╬√Е▄╨','141000'),('141002','Е╟╖И┐╫Е▄╨','141000'),('141021','Ф⌡╡Ф╡┐Е▌©','141000'),('141022','Г©╪Е÷▌Е▌©','141000'),('141023','Х╔└Ф╠╬Е▌©','141000'),('141024','Ф╢╙Ф╢·Е▌©','141000'),('141025','Е▐╓Ц──Е▌©','141000'),('141026','Е╝┴ФЁ╫Е▌©','141000'),('141027','Ф╣╝Е╠╠Е▌©','141000'),('141028','Е░┴Ц──Е▌©','141000'),('141029','Д╧║Е╝│Е▌©','141000'),('141030','Е╓╖Е╝│Е▌©','141000'),('141031','И ╟Ц──Е▌©','141000'),('141032','Ф╟╦Е▓▄Е▌©','141000'),('141033','Х▓╡Ц──Е▌©','141000'),('141034','Ф╠╬Х╔©Е▌©','141000'),('141081','Д╬╞И╘╛Е╦┌','141000'),('141082','И°█Е╥·Е╦┌','141000'),('141101','Е╦┌Х╬√Е▄╨','141100'),('141102','Г╕╩Г÷ЁЕ▄╨','141100'),('141121','Ф√┤Ф╟╢Е▌©','141100'),('141122','Д╨╓Е÷▌Е▌©','141100'),('141123','Е┘╢Ц──Е▌©','141100'),('141124','Д╦╢Ц──Е▌©','141100'),('141125','Ф÷ЁФ·≈Е▌©','141100'),('141126','Г÷ЁФ╔╪Е▌©','141100'),('141127','Е╡ Ц──Е▌©','141100'),('141128','Ф√╧Е╠╠Е▌©','141100'),('141129','Д╦╜И≤ЁЕ▌©','141100'),('141130','Д╨╓Е▐ёЕ▌©','141100'),('141181','Е╜²Д╧┴Е╦┌','141100'),('141182','Ф╠╬И≤ЁЕ╦┌','141100'),('150101','Е╦┌Х╬√Е▄╨','150100'),('150102','Ф√╟Е÷▌Е▄╨','150100'),('150103','Е⌡·Ф╟▒Е▄╨','150100'),('150104','Г▌┴ФЁ┴Е▄╨','150100'),('150105','Х╣⌡Г╫∙Е▄╨','150100'),('150121','Е°÷И╩≤Г┴╧Е╥╕Ф≈≈','150100'),('150122','Ф┴≤Е┘▀Ф┴≤Е▌©','150100'),('150123','Е▓▄Ф·≈Ф═╪Е╟■Е▌©','150100'),('150124','Ф╦┘Ф╟╢Ф╡ЁЕ▌©','150100'),('150125','Ф╜╕Е╥²Е▌©','150100'),('150201','Е╦┌Х╬√Е▄╨','150200'),('150202','Д╦°Ф╡ЁЕ▄╨','150200'),('150203','Ф≤├И┐╫Д╩▒Е▄╨','150200'),('150204','И²▓Е╠╠Е▄╨','150200'),('150205','Г÷ЁФ▀░Е▄╨','150200'),('150206','Г≥╫Д╨▒Г÷©Е▄╨','150200'),('150207','Д╧²Е▌÷Е▄╨','150200'),('150221','Е°÷И╩≤Г┴╧Е▐ЁФ≈≈','150200'),('150222','Е⌡╨И≤ЁЕ▌©','150200'),('150223','Х╬╬Е╟■Г╫∙Х▄┌Ф≤▌Е╝┴Х│■Е░┬Ф≈≈','150200'),('150301','Е╦┌Х╬√Е▄╨','150300'),('150302','Ф╣╥Е▀┐Ф╧╬Е▄╨','150300'),('150303','Ф╣╥Е█≈Е▄╨','150300'),('150304','Д╧▄Х╬╬Е▄╨','150300'),('150401','Е╦┌Х╬√Е▄╨','150400'),('150402','Г╨╒Е╠╠Е▄╨','150400'),('150403','Е┘┐Е╝²Е╠╠Е▄╨','150400'),('150404','Ф²╬Е╠╠Е▄╨','150400'),('150421','И≤©И╡│Г╖▒Е╟■Ф╡│Ф≈≈','150400'),('150422','Е╥╢Ф·≈Е╥╕Ф≈≈','150400'),('150423','Е╥╢Ф·≈Е▐ЁФ≈≈','150400'),('150424','Ф·≈Х╔©Е▌©','150400'),('150425','Е┘▀Д╩─Е┘▀Х┘╬Ф≈≈','150400'),('150426','Г©│Г┴⌡Г┴╧Ф≈≈','150400'),('150428','Е√─Е√┤Ф╡│Ф≈≈','150400'),('150429','Е╝│Е÷▌Е▌©','150400'),('150430','Ф∙√Ф╠┴Ф≈≈','150400'),('150501','Е╦┌Х╬√Е▄╨','150500'),('150502','Г╖▒Е╟■Ф╡│Е▄╨','150500'),('150521','Г╖▒Е╟■Ф╡│Е╥╕Г©╪Д╦╜Ф≈≈','150500'),('150522','Г╖▒Е╟■Ф╡│Е╥╕Г©╪Е░▌Ф≈≈','150500'),('150523','Е╪─И╡│Е▌©','150500'),('150524','Е╨⌠Д╪╕Ф≈≈','150500'),('150525','Е╔┬Ф⌡╪Ф≈≈','150500'),('150526','Ф┴▌И╡│Г┴╧Ф≈≈','150500'),('150581','И°█Ф·≈И┐╜Е▀▓Е╦┌','150500'),('150602','Д╦°Х┐°Е▄╨','150600'),('150621','Х╬╬Ф▀┴Г┴╧Ф≈≈','150600'),('150622','Е┤├Ф═╪Е╟■Ф≈≈','150600'),('150623','И└┌Ф┴≤Е┘▀Е┴█Ф≈≈','150600'),('150624','И└┌Ф┴≤Е┘▀Ф≈≈','150600'),('150625','Ф²╜И■╕Ф≈≈','150600'),('150626','Д╧▄Е╝║Ф≈≈','150600'),('150627','Д╪┼И┤▒И°█Ф╢⌡Ф≈≈','150600'),('150701','Е╦┌Х╬√Е▄╨','150700'),('150702','Ф╣╥Ф▀┴Е╟■Е▄╨','150700'),('150721','И≤©Х█ёФ≈≈','150700'),('150722','Х▌╚Е┼⌡Х╬╬Г⌠╕Х╬╬Ф√║Е╟■Ф≈▐Х┤╙Ф╡╩Ф≈≈','150700'),('150723','И└┌Д╪╕Ф≤╔Х┤╙Ф╡╩Ф≈≈','150700'),('150724','И└┌Ф╦╘Е┘▀Ф≈▐Х┤╙Ф╡╩Ф≈≈','150700'),('150725','И≥┬Е╥╢Е╟■Х≥▌Ф≈≈','150700'),('150726','Ф√╟Е╥╢Е╟■Х≥▌Е╥╕Ф≈≈','150700'),('150727','Ф√╟Е╥╢Е╟■Х≥▌Е▐ЁФ≈≈','150700'),('150781','Ф╩║Ф╢╡И┤▄Е╦┌','150700'),('150782','Г┴≥Е┘▀Г÷ЁЕ╦┌','150700'),('150783','Ф┴▌Е┘╟Е╠╞Е╦┌','150700'),('150784','И╒²Е╟■Е▐╓Г╨ЁЕ╦┌','150700'),('150785','Ф═╧Ф╡ЁЕ╦┌','150700'),('150801','Е╦┌Х╬√Е▄╨','150800'),('150802','Д╦╢Ф╡ЁЕ▄╨','150800'),('150821','Д╨■Е▌÷Е▌©','150800'),('150822','Гё╢Е▐ёЕ▌©','150800'),('150823','Д╧▄Ф▀┴Г┴╧Е┴█Ф≈≈','150800'),('150824','Д╧▄Ф▀┴Г┴╧Д╦╜Ф≈≈','150800'),('150825','Д╧▄Ф▀┴Г┴╧Е░▌Ф≈≈','150800'),('150826','Ф²╜И■╕Е░▌Ф≈≈','150800'),('150901','Е╦┌Х╬√Е▄╨','150900'),('150902','И⌡├Е╝│Е▄╨','150900'),('150921','Е█⌠Х╣└Е▌©','150900'),('150922','Е▄√Е╬╥Е▌©','150900'),('150923','Е∙├И┐╫Е▌©','150900'),('150924','Е┘╢Е▓▄Е▌©','150900'),('150925','Е┤┴Е÷▌Е▌©','150900'),('150926','Е╞÷Е⌠┬Е╟■Е▐ЁГ©╪Е┴█Ф≈≈','150900'),('150927','Е╞÷Е⌠┬Е╟■Е▐ЁГ©╪Д╦╜Ф≈≈','150900'),('150928','Е╞÷Е⌠┬Е╟■Е▐ЁГ©╪Е░▌Ф≈≈','150900'),('150929','Е⌡⌡Е╜░Г▌▀Ф≈≈','150900'),('150981','Д╦╟И∙┤Е╦┌','150900'),('152201','Д╧▄Е┘╟Ф╣╘Г┴╧Е╦┌','152200'),('152202','И≤©Е╟■Е╠╠Е╦┌','152200'),('152221','Г╖▒Е╟■Ф╡│Е▐ЁГ©╪Е┴█Ф≈≈','152200'),('152222','Г╖▒Е╟■Ф╡│Е▐ЁГ©╪Д╦╜Ф≈≈','152200'),('152223','Ф┴▌Х╣┴Г┴╧Ф≈≈','152200'),('152224','Г╙│ФЁ┴Е▌©','152200'),('152501','Д╨▄Х©·Ф╣╘Г┴╧Е╦┌','152500'),('152502','И■║Ф·≈Ф╣╘Г┴╧Е╦┌','152500'),('152522','И≤©Е╥╢Е≤▌Ф≈≈','152500'),('152523','Х▀▐Е╟╪Г┴╧Е╥╕Ф≈≈','152500'),('152524','Х▀▐Е╟╪Г┴╧Е▐ЁФ≈≈','152500'),('152525','Д╦°Д╧▄Г▐═Г╘├Ф╡│Ф≈≈','152500'),('152526','Х╔©Д╧▄Г▐═Г╘├Ф╡│Ф≈≈','152500'),('152527','Е╓╙Д╩├Е╞╨Ф≈≈','152500'),('152528','И∙╤И╩└Ф≈≈','152500'),('152529','Ф╜ёИ∙╤Г≥╫Ф≈≈','152500'),('152530','Ф╜ёХ⌠²Ф≈≈','152500'),('152531','Е╓ Д╪╕Е▌©','152500'),('152921','И≤©Ф▀┴Е√└Е╥╕Ф≈≈','152900'),('152922','И≤©Ф▀┴Е√└Е▐ЁФ≈≈','152900'),('152923','И╒²Ф╣▌Г╨ЁФ≈≈','152900'),('210101','Е╦┌Х╬√Е▄╨','210100'),('210102','Е▓▄Е╧ЁЕ▄╨','210100'),('210103','Ф╡┬Ф╡ЁЕ▄╨','210100'),('210104','Е╓╖Д╦°Е▄╨','210100'),('210105','Г ┤Е╖▒Е▄╨','210100'),('210106','И⌠│Х╔©Е▄╨','210100'),('210111','Х▀▐Е╝╤Е╠╞Е▄╨','210100'),('210112','Д╦°И≥╣Е▄╨','210100'),('210113','Ф√╟Е÷▌Е╜░Е▄╨','210100'),('210114','Д╨▌Ф╢╙Е▄╨','210100'),('210122','Х╬╫Д╦╜Е▌©','210100'),('210123','Е╨╥Е╧ЁЕ▌©','210100'),('210124','ФЁ∙Е╨⌠Е▌©','210100'),('210181','Ф√╟Ф╟▒Е╦┌','210100'),('210201','Е╦┌Х╬√Е▄╨','210200'),('210202','Д╦╜Е╠╠Е▄╨','210200'),('210203','Х╔©Е╡≈Е▄╨','210200'),('210204','Ф╡≥Ф╡ЁЕ▐ёЕ▄╨','210200'),('210211','Г■≤Д╨∙Е╜░Е▄╨','210200'),('210212','Ф≈┘И║╨Е▐ёЕ▄╨','210200'),('210213','И┤▒Е╥·Е▄╨','210200'),('210224','И∙©Ф╣╥Е▌©','210200'),('210281','Г⌠╕Ф┬©Е╨≈Е╦┌','210200'),('210282','Ф≥╝Е┘╟Е╨≈Е╦┌','210200'),('210283','Е╨└Ф╡ЁЕ╦┌','210200'),('210301','Е╦┌Х╬√Е▄╨','210300'),('210302','И⌠│Д╦°Е▄╨','210300'),('210303','И⌠│Х╔©Е▄╨','210300'),('210304','Г╚▀Е╠╠Е▄╨','210300'),('210311','Е█┐Е╠╠Е▄╨','210300'),('210321','Е▐╟Е╝┴Е▌©','210300'),('210323','Е╡╚Е╡╘Ф╩║Ф≈▐Х┤╙Ф╡╩Е▌©','210300'),('210381','Ф╣╥Е÷▌Е╦┌','210300'),('210401','Е╦┌Х╬√Е▄╨','210400'),('210402','Ф√╟Ф┼ Е▄╨','210400'),('210403','Д╦°Ф╢╡Е▄╨','210400'),('210404','Ф°⌡Х┼╠Е▄╨','210400'),('210411','И║╨Е÷▌Е▄╨','210400'),('210421','Ф┼ И║╨Е▌©','210400'),('210422','Ф√╟Е╝╬Ф╩║Ф≈▐Х┤╙Ф╡╩Е▌©','210400'),('210423','Ф╦┘Е▌÷Ф╩║Ф≈▐Х┤╙Ф╡╩Е▌©','210400'),('210501','Е╦┌Х╬√Е▄╨','210500'),('210502','Е╧ЁЕ╠╠Е▄╨','210500'),('210503','Ф╨╙Ф╧√Е▄╨','210500'),('210504','Ф≤▌Е╠╠Е▄╨','210500'),('210505','Е█≈Х┼╛Е▄╨','210500'),('210521','Ф°╛Ф╨╙Ф╩║Ф≈▐Х┤╙Ф╡╩Е▌©','210500'),('210522','Ф║⌠Д╩│Ф╩║Ф≈▐Х┤╙Ф╡╩Е▌©','210500'),('210601','Е╦┌Х╬√Е▄╨','210600'),('210602','Е┘┐Е╝²Е▄╨','210600'),('210603','Ф▄╞Е┘╢Е▄╨','210600'),('210604','Ф▄╞Е╝┴Е▄╨','210600'),('210624','Е╝╫Г■╦Ф╩║Ф≈▐Х┤╙Ф╡╩Е▌©','210600'),('210681','Д╦°Ф╦╞Е╦┌','210600'),('210682','Е┤╓Е÷▌Е╦┌','210600'),('210701','Е╦┌Х╬√Е▄╨','210700'),('210702','Е▐╓Е║■Е▄╨','210700'),('210703','Е┤▄Ф╡ЁЕ▄╨','210700'),('210711','Е╓╙Е▓▄Е▄╨','210700'),('210726','И╩▒Е╠╠Е▌©','210700'),('210727','Д╧┴Ц──Е▌©','210700'),('210781','Е┤▄Ф╣╥Е╦┌','210700'),('210782','Е▄≈Е╝│Е╦┌','210700'),('210801','Е╦┌Х╬√Е▄╨','210800'),('210802','Г╚≥Е┴█Е▄╨','210800'),('210803','Х╔©Е╦┌Е▄╨','210800'),('210804','И╡┘И╠╪Е°┬Е▄╨','210800'),('210811','Х─│Х╬╧Е▄╨','210800'),('210881','Г⌡√Е╥·Е╦┌','210800'),('210882','Е╓╖Г÷ЁФ║╔Е╦┌','210800'),('210901','Е╦┌Х╬√Е▄╨','210900'),('210902','Ф╣╥Е╥·Е▄╨','210900'),('210903','Ф√╟И┌╠Е▄╨','210900'),('210904','Е╓╙Е╧ЁЕ▄╨','210900'),('210905','Ф╦┘Ф╡ЁИ≈╗Е▄╨','210900'),('210911','Г╩├Ф╡ЁЕ▄╨','210900'),('210921','И≤°Ф√╟Х▓≥Е▐╓Ф≈▐Х┤╙Ф╡╩Е▌©','210900'),('210922','Е╫╟Ф╜╕Е▌©','210900'),('211001','Е╦┌Х╬√Е▄╨','211000'),('211002','Г≥╫Е║■Е▄╨','211000'),('211003','Ф√┤Е°ёЕ▄╨','211000'),('211004','Е╝▐Д╪÷Е▄╨','211000'),('211005','Е╪⌠И∙©Е╡╜Е▄╨','211000'),('211011','Е╓╙Е╜░Ф╡ЁЕ▄╨','211000'),('211021','Х╬╫И≤ЁЕ▌©','211000'),('211081','Г│╞Е║■Е╦┌','211000'),('211101','Е╦┌Х╬√Е▄╨','211100'),('211102','Е▐▄Е▐╟Е╜░Е▄╨','211100'),('211103','Е┘╢И ├Е▐╟Е▄╨','211100'),('211121','Е╓╖Ф╢╪Е▌©','211100'),('211122','Г⌡≤Е╠╠Е▌©','211100'),('211201','Е╦┌Х╬√Е▄╨','211200'),('211202','И⌠╤Е╥·Е▄╨','211200'),('211204','Ф╦┘Ф╡ЁЕ▄╨','211200'),('211221','И⌠│Е╡╜Е▌©','211200'),('211223','Х╔©Д╦╟Е▌©','211200'),('211224','Ф≤▄Е⌡╬Е▌©','211200'),('211281','Х╟┐Е┘╣Е╠╠Е╦┌','211200'),('211282','Е╪─Е▌÷Е╦┌','211200'),('211301','Е╦┌Х╬√Е▄╨','211300'),('211302','Е▐▄Е║■Е▄╨','211300'),('211303','И╬≥Е÷▌Е▄╨','211300'),('211321','Ф°²И≤ЁЕ▌©','211300'),('211322','Е╩╨Е╧ЁЕ▌©','211300'),('211324','Е√─Е√┤Ф╡│Е╥╕Г©╪Х▓≥Е▐╓Ф≈▐Х┤╙Ф╡╩Е▌©','211300'),('211381','Е▄≈Г╔╗Е╦┌','211300'),('211382','Е┤▄Ф╨░Е╦┌','211300'),('211401','Е╦┌Х╬√Е▄╨','211400'),('211402','Х©·Е╠╠Е▄╨','211400'),('211403','И╬≥Ф╦╞Е▄╨','211400'),('211404','Е█≈Г╔╗Е▄╨','211400'),('211421','Г╩╔Д╦╜Е▌©','211400'),('211422','Е╩╨Ф≤▄Е▌©','211400'),('211481','Е┘╢Е÷▌Е╦┌','211400'),('220101','Е╦┌Х╬√Е▄╨','220100'),('220102','Е█≈Е┘ЁЕ▄╨','220100'),('220103','Е╝╫Е÷▌Е▄╨','220100'),('220104','Ф°²И≤ЁЕ▄╨','220100'),('220105','Д╨▄И│⌠Е▄╨','220100'),('220106','Г╩©Е⌡╜Е▄╨','220100'),('220112','Е▐▄И≤ЁЕ▄╨','220100'),('220122','Е├°Е╝┴Е▌©','220100'),('220181','Д╧²Е▐╟Е╦┌','220100'),('220182','Ф╕├Ф═▒Е╦┌','220100'),('220183','Е╬╥Ф┐═Е╦┌','220100'),('220201','Е╦┌Х╬√Е▄╨','220200'),('220202','Ф≤▄И┌▒Е▄╨','220200'),('220203','И╬≥Ф╫╜Е▄╨','220200'),('220204','Х┬╧Х░╔Е▄╨','220200'),('220211','Д╦╟Ф╩║Е▄╨','220200'),('220221','Ф╟╦Е░┴Е▌©','220200'),('220281','Х⌡÷Ф╡ЁЕ╦┌','220200'),('220282','Ф║╕Г■╦Е╦┌','220200'),('220283','Х┬▓Е┘╟Е╦┌','220200'),('220284','Гё░Г÷ЁЕ╦┌','220200'),('220301','Е╦┌Х╬√Е▄╨','220300'),('220302','И⌠│Х╔©Е▄╨','220300'),('220303','И⌠│Д╦°Е▄╨','220300'),('220322','Ф╒╗Ф═▒Е▌©','220300'),('220323','Д╪┼И─ Ф╩║Ф≈▐Х┤╙Ф╡╩Е▌©','220300'),('220381','Е┘╛Д╦╩Е╡╜Е╦┌','220300'),('220382','Е▐▄Х╬╫Е╦┌','220300'),('220401','Е╦┌Х╬√Е▄╨','220400'),('220402','И╬≥Е╠╠Е▄╨','220400'),('220403','Х╔©Е╝┴Е▄╨','220400'),('220421','Д╦°Д╦╟Е▌©','220400'),('220422','Д╦°Х╬╫Е▌©','220400'),('220501','Е╦┌Х╬√Е▄╨','220500'),('220502','Д╦°Ф≤▄Е▄╨','220500'),('220503','Д╨▄И│⌠Ф╠÷Е▄╨','220500'),('220521','И─ Е▄√Е▌©','220500'),('220523','Х╬┴Е█≈Е▌©','220500'),('220524','Ф÷ЁФ╡ЁЕ▌©','220500'),('220581','Ф╒┘Ф╡ЁЕ▐ёЕ╦┌','220500'),('220582','И⌡├Е╝┴Е╦┌','220500'),('220601','Е╦┌Х╬√Е▄╨','220600'),('220602','Е┘╚И│⌠Ф╠÷Е▄╨','220600'),('220621','Ф┼ Ф²╬Е▌©','220600'),('220622','И²√Е╝┤Е▌©','220600'),('220623','И∙©Г≥╫Ф°²И╡°Ф≈▐Х┤╙Ф╡╩Е▌©','220600'),('220625','Ф╠÷Ф╨░Е▌©','220600'),('220681','Д╦╢Ф╠÷Е╦┌','220600'),('220701','Е╦┌Х╬√Е▄╨','220700'),('220702','Е╝│Ф╠÷Е▄╨','220700'),('220721','Е┴█И┐╜Е╟■Г╫≈Ф√╞Х▓≥Е▐╓Ф≈▐Х┤╙Ф╡╩Е▌©','220700'),('220722','И∙©Е╡╜Е▌©','220700'),('220723','Д╧╬Е╝┴Е▌©','220700'),('220724','Ф┴╤Д╫≥Е▌©','220700'),('220801','Е╦┌Х╬√Е▄╨','220800'),('220802','Ф╢╝Е▄≈Е▄╨','220800'),('220821','И∙┤Х╣┴Е▌©','220800'),('220822','И─ Ф╕├Е▌©','220800'),('220881','Ф╢╝Е█≈Е╦┌','220800'),('220882','Е╓╖Е╝┴Е╦┌','220800'),('222401','Е╩╤Е░┴Е╦┌','222400'),('222402','Е⌡╬Д╩╛Е╦┌','222400'),('222403','Ф∙╕Е▄√Е╦┌','222400'),('222404','Г▐╡Ф≤╔Е╦┌','222400'),('222405','И╬≥Д╨∙Е╦┌','222400'),('222406','Е▓▄И╬≥Е╦┌','222400'),('222424','Ф╠╙Ф╦┘Е▌©','222400'),('222426','Е╝┴Е⌡╬Е▌©','222400'),('230101','Е╦┌Х╬√Е▄╨','230100'),('230102','И│⌠И┤▄Е▄╨','230100'),('230103','Е█≈Е╡≈Е▄╨','230100'),('230104','И│⌠Е╓√Е▄╨','230100'),('230106','И╕≥Е²┼Е▄╨','230100'),('230107','Е┼╗Е┼⌡Е▄╨','230100'),('230108','Е╧ЁФ┬©Е▄╨','230100'),('230109','Ф²╬Е▄≈Е▄╨','230100'),('230111','Е▒╪Е┘╟Е▄╨','230100'),('230123','Д╬²Е┘╟Е▌©','230100'),('230124','Ф√╧Ф╜ёЕ▌©','230100'),('230125','Е╝╬Ц──Е▌©','230100'),('230126','Е╥╢Е╫╕Е▌©','230100'),('230127','Ф°╗Е┘╟Е▌©','230100'),('230128','И─ Ф╡ЁЕ▌©','230100'),('230129','Е╩╤Е╞©Е▌©','230100'),('230181','И≤©Е÷▌Е╦┌','230100'),('230182','Е▐▄Е÷▌Е╦┌','230100'),('230183','Е╟ Е©≈Е╦┌','230100'),('230184','Д╨■Е╦╦Е╦┌','230100'),('230201','Е╦┌Х╬√Е▄╨','230200'),('230202','И╬≥Ф╡≥Е▄╨','230200'),('230203','Е╩╨Е█▌Е▄╨','230200'),('230204','И⌠│И■▀Е▄╨','230200'),('230205','Ф≤┌Ф≤┌Ф╨╙Е▄╨','230200'),('230206','Е╞▄Ф▀┴Е╟■Е÷╨Е▄╨','230200'),('230207','Г╒╬Е╜░Е╠╠Е▄╨','230200'),('230208','Ф╒┘И┤▄Ф√╞Х╬╬Ф√║Е╟■Ф≈▐Е▄╨','230200'),('230221','И╬≥Ф╠÷Е▌©','230200'),('230223','Д╬²Е╝┴Е▌©','230200'),('230224','ФЁ╟Ф²╔Е▌©','230200'),('230225','Г■≤Е█≈Е▌©','230200'),('230227','Е╞▄Хё∙Е▌©','230200'),('230229','Е┘▀Е╠╠Е▌©','230200'),('230230','Е┘▀Д╦°Е▌©','230200'),('230231','Ф▀°ФЁ┴Е▌©','230200'),('230281','Х╝╥Ф╡ЁЕ╦┌','230200'),('230301','Е╦┌Х╬√Е▄╨','230300'),('230302','И╦║Е├═Е▄╨','230300'),('230303','Ф│▓Е╠╠Е▄╨','230300'),('230304','Ф╩╢И│⌠Е▄╨','230300'),('230305','Ф╒╗Ф═▒Е▄╨','230300'),('230306','Е÷▌Е╜░Ф╡ЁЕ▄╨','230300'),('230307','И╨╩Е╠╠Е▄╨','230300'),('230321','И╦║Д╦°Е▌©','230300'),('230381','Х≥▌Ф·≈Е╦┌','230300'),('230382','Е╞├Е╠╠Е╦┌','230300'),('230401','Е╦┌Х╬√Е▄╨','230400'),('230402','Е░▒И≤ЁЕ▄╨','230400'),('230403','Е╥╔Е├°Е▄╨','230400'),('230404','Е█≈Е╠╠Е▄╨','230400'),('230405','Е┘╢Е╝┴Е▄╨','230400'),('230406','Д╦°Е╠╠Е▄╨','230400'),('230407','Е┘╢Е╠╠Е▄╨','230400'),('230421','Х░²Е▄≈Е▌©','230400'),('230422','Г╩╔Ф╩╗Е▌©','230400'),('230501','Е╦┌Х╬√Е▄╨','230500'),('230502','Е╟√Е╠╠Е▄╨','230500'),('230503','Е╡╜Д╦°Е▄╨','230500'),('230505','Е⌡⌡Ф√╧Е▐╟Е▄╨','230500'),('230506','Е╝²Е╠╠Е▄╨','230500'),('230521','И⌡├Х╢╓Е▌©','230500'),('230522','Е▐▀Х╟┼Е▌©','230500'),('230523','Е╝²Ф╦┘Е▌©','230500'),('230524','И╔╤Ф╡ЁЕ▌©','230500'),('230601','Е╦┌Х╬√Е▄╨','230600'),('230602','Х░╗Е╟■Е⌡╬Е▄╨','230600'),('230603','И╬≥Е┤╓Е▄╨','230600'),('230604','Х╝╘Х┐║Х╥╞Е▄╨','230600'),('230605','Г╨╒Е╡≈Е▄╨','230600'),('230606','Е╓╖Е░▄Е▄╨','230600'),('230621','Х┌┤Е╥·Е▌©','230600'),('230622','Х┌┤Ф╨░Е▌©','230600'),('230623','Ф·≈Г■╦Е▌©','230600'),('230624','Ф²°Е╟■Д╪╞Г┴╧Х▓≥Е▐╓Ф≈▐Х┤╙Ф╡╩Е▌©','230600'),('230701','Е╦┌Х╬√Е▄╨','230700'),('230702','Д╪┼Ф≤╔Е▄╨','230700'),('230703','Е█≈Е╡■Е▄╨','230700'),('230704','Е▐▀Е╔╫Е▄╨','230700'),('230705','Х╔©Ф·≈Е▄╨','230700'),('230706','Г©═ЕЁ╕Е▄╨','230700'),('230707','Ф√╟И²▓Е▄╨','230700'),('230708','Г╬▌Ф╨╙Е▄╨','230700'),('230709','И┤▒Е╠╠Е╠╞Е▄╨','230700'),('230710','Д╨■Х░╔Е▄╨','230700'),('230711','Д╧▄И╘╛Ф╡ЁЕ▄╨','230700'),('230712','Ф╠╓Ф≈╨Ф╡ЁЕ▄╨','230700'),('230713','Е╦╕Е╡╜Е▄╨','230700'),('230714','Д╧▄Д╪┼Е╡╜Е▄╨','230700'),('230715','Г╨╒Ф≤÷Е▄╨','230700'),('230716','Д╦┼Г■≤Е╡╜Е▄╨','230700'),('230722','Е≤┴Х█╚Е▌©','230700'),('230781','И⌠│Е┼⌡Е╦┌','230700'),('230801','Е╦┌Х╬√Е▄╨','230800'),('230802','Ф╟╦Г╨╒Е▄╨','230800'),('230803','Е░▒И≤ЁЕ▄╨','230800'),('230804','Е┴█Х©⌡Е▄╨','230800'),('230805','Д╦°Иё▌Е▄╨','230800'),('230811','И┐┼Ц──Е▄╨','230800'),('230822','Ф║╕Е█≈Е▌©','230800'),('230826','Ф║╕Е╥²Е▌©','230800'),('230828','Ф╠╓Е▌÷Е▌©','230800'),('230833','Ф┼ Х©°Е▌©','230800'),('230881','Е░▄Ф╠÷Е╦┌','230800'),('230882','Е╞▄И■╕Е╦┌','230800'),('230901','Е╦┌Х╬√Е▄╨','230900'),('230902','Ф√╟Е┘╢Е▄╨','230900'),('230903','Ф║┐Е╠╠Е▄╨','230900'),('230904','Х▄└Е╜░Ф╡ЁЕ▄╨','230900'),('230921','Е▀┐Е┬╘Е▌©','230900'),('231001','Е╦┌Х╬√Е▄╨','231000'),('231002','Д╦°Е╝┴Е▄╨','231000'),('231003','И≤ЁФ≤▌Е▄╨','231000'),('231004','Г┬╠Ф╟▒Е▄╨','231000'),('231005','Х╔©Е╝┴Е▄╨','231000'),('231024','Д╦°Е╝│Е▌©','231000'),('231025','Ф·≈Е▐ёЕ▌©','231000'),('231081','Г╩╔Х┼╛Ф╡ЁЕ╦┌','231000'),('231083','Ф╣╥Ф·≈Е╦┌','231000'),('231084','Е╝│Е╝┴Е╦┌','231000'),('231085','Г╘├Фё╠Е╦┌','231000'),('231101','Е╦┌Х╬√Е▄╨','231100'),('231102','Г┬╠Х╬┴Е▄╨','231100'),('231121','Е╚╘Ф╠÷Е▌©','231100'),('231123','И─┼Е┘▀Е▌©','231100'),('231124','Е╜≥Е░╢Е▌©','231100'),('231181','Е▄≈Е╝┴Е╦┌','231100'),('231182','Д╨■Е╓╖Х©·Ф╠═Е╦┌','231100'),('231201','Е╦┌Х╬√Е▄╨','231200'),('231202','Е▄≈Ф·≈Е▄╨','231200'),('231221','Ф°⌡Е╔▌Е▌©','231200'),('231222','Е┘╟Х╔©Е▌©','231200'),('231223','И²▓Е├┬Е▌©','231200'),('231224','Е╨├Е╝┴Е▌©','231200'),('231225','Ф≤▌Ф╟╢Е▌©','231200'),('231226','Г╩╔Фё╠Е▌©','231200'),('231281','Е╝┴Х╬╬Е╦┌','231200'),('231282','Х┌┤Д╦°Е╦┌','231200'),('231283','Ф╣╥Д╪╕Е╦┌','231200'),('232721','Е▒╪Г▌⌡Е▌©','232700'),('232722','Е║■Ф╡ЁЕ▌©','232700'),('232723','Ф╪═Ф╡ЁЕ▌©','232700'),('310101','И╩└Ф╣╕Е▄╨','310100'),('310103','Е█╒Ф╧╬Е▄╨','310100'),('310104','Е╬░Ф╠┤Е▄╨','310100'),('310105','И∙©Е╝│Е▄╨','310100'),('310106','И²≥Е╝┴Е▄╨','310100'),('310107','Ф≥╝И≥─Е▄╨','310100'),('310108','И≈╦Е▄≈Е▄╨','310100'),('310109','Х≥╧Е▐ёЕ▄╨','310100'),('310110','Ф²╗Ф╣╕Е▄╨','310100'),('310112','И≈╣Х║▄Е▄╨','310100'),('310113','Е╝²Е╠╠Е▄╨','310100'),('310114','Е≤┴Е╝ Е▄╨','310100'),('310115','Ф╣╕Д╦°Ф√╟Е▄╨','310100'),('310116','И┤▒Е╠╠Е▄╨','310100'),('310117','Ф²╬Ф╠÷Е▄╨','310100'),('310118','И²▓Ф╣╕Е▄╨','310100'),('310119','Е█≈Ф╠┤Е▄╨','310100'),('310120','Е╔┴Х╢╓Е▄╨','310100'),('310230','Е╢┤Ф≤▌Е▌©','310200'),('320101','Е╦┌Х╬√Е▄╨','320100'),('320102','Г▌└Ф╜╕Е▄╨','320100'),('320103','Г≥╫Д╦▀Е▄╨','320100'),('320104','Г╖╕Ф╥╝Е▄╨','320100'),('320105','Е╩╨И┌╨Е▄╨','320100'),('320106','И╪⌠Ф╔╪Е▄╨','320100'),('320107','Д╦▀Е┘ЁЕ▄╨','320100'),('320111','Ф╣╕Е▐ёЕ▄╨','320100'),('320113','Ф═√И°·Е▄╨','320100'),('320114','И⌡╗Х┼╠Е▐╟Е▄╨','320100'),('320115','Ф╠÷Е╝│Е▄╨','320100'),('320116','Е┘╜Е░┬Е▄╨','320100'),('320124','Ф╨╖Ф╟╢Е▌©','320100'),('320125','И╚≤Ф╥ЁЕ▌©','320100'),('320201','Е╦┌Х╬√Е▄╨','320200'),('320202','Е╢┤Е╝┴Е▄╨','320200'),('320203','Е█≈И∙©Е▄╨','320200'),('320204','Е▄≈Е║≤Е▄╨','320200'),('320205','И■║Е╠╠Е▄╨','320200'),('320206','Ф┐═Е╠╠Е▄╨','320200'),('320211','Ф╩╗Ф╧√Е▄╨','320200'),('320281','Ф╠÷И≤╢Е╦┌','320200'),('320282','Е╝°Е┘╢Е╦┌','320200'),('320301','Е╦┌Х╬√Е▄╨','320300'),('320302','И╪⌠Ф╔╪Е▄╨','320300'),('320303','Д╨▒И╬≥Е▄╨','320300'),('320304','Д╧²И┤▄Е▄╨','320300'),('320305','Х╢╬Ф╠╙Е▄╨','320300'),('320311','ФЁ┴Е╠╠Е▄╨','320300'),('320321','Д╦╟Ц──Е▌©','320300'),('320322','Ф╡⌡Ц──Е▌©','320300'),('320323','И⌠°Е╠╠Е▌©','320300'),('320324','Г²╒Е╝│Е▌©','320300'),('320381','Ф√╟Ф╡┌Е╦┌','320300'),('320382','И┌ЁЕ╥·Е╦┌','320300'),('320401','Е╦┌Х╬√Е▄╨','320400'),('320402','Е╓╘Е╝│Е▄╨','320400'),('320404','И▓÷Ф╔╪Е▄╨','320400'),('320405','Ф┬ Е╒┘Е═╟Е▄╨','320400'),('320411','Ф√╟Е▄≈Е▄╨','320400'),('320412','Ф╜╕Х©⌡Е▄╨','320400'),('320481','Ф╨╖И≤ЁЕ╦┌','320400'),('320482','И┤▒Е²⌡Е╦┌','320400'),('320501','Е╦┌Х╬√Е▄╨','320500'),('320502','Ф╡╖Ф╣╙Е▄╨','320500'),('320503','Е╧ЁФ╠÷Е▄╨','320500'),('320504','И┤▒И≤┼Е▄╨','320500'),('320505','Х≥▌Д╦≤Е▄╨','320500'),('320506','Е░╢Д╦╜Е▄╨','320500'),('320507','Г⌡╦Е÷▌Е▄╨','320500'),('320581','Е╦╦Г├÷Е╦┌','320500'),('320582','Е╪═Е╝╤Ф╦╞Е╦┌','320500'),('320583','Ф≤├Е╠╠Е╦┌','320500'),('320584','Е░╢Ф╠÷Е╦┌','320500'),('320585','Е╓╙Д╩⌠Е╦┌','320500'),('320601','Е╦┌Х╬√Е▄╨','320600'),('320602','Е╢┤Е╥²Е▄╨','320600'),('320611','Ф╦╞И≈╦Е▄╨','320600'),('320621','Ф╣╥Е╝┴Е▌©','320600'),('320623','Е╕┌Д╦°Е▌©','320600'),('320681','Е░╞Д╦°Е╦┌','320600'),('320682','Е╕┌Г ▀Е╦┌','320600'),('320683','И─ Е╥·Е╦┌','320600'),('320684','Ф╣╥И≈╗Е╦┌','320600'),('320701','Е╦┌Х╬√Е▄╨','320700'),('320703','Х©·Д╨▒Е▄╨','320700'),('320705','Ф√╟Ф╣╕Е▄╨','320700'),('320706','Ф╣╥Е╥·Е▄╨','320700'),('320721','Х╣ёФ╕├Е▌©','320700'),('320722','Д╦°Ф╣╥Е▌©','320700'),('320723','Г│▄Д╨▒Е▌©','320700'),('320724','Г│▄Е█≈Е▌©','320700'),('320801','Е╦┌Х╬√Е▄╨','320800'),('320802','Ф╦┘Ф╡ЁЕ▄╨','320800'),('320803','Ф╔ Е╥·Е▄╨','320800'),('320804','Ф╥╝И≤╢Е▄╨','320800'),('320811','Ф╦┘Ф╣╕Е▄╨','320800'),('320826','Ф╤÷Ф╟╢Е▌©','320800'),('320829','Ф╢╙ФЁ╫Е▌©','320800'),('320830','Г⌡╠Г°≥Е▌©','320800'),('320831','И┤▒Ф╧√Е▌©','320800'),('320901','Е╦┌Х╬√Е▄╨','320900'),('320902','Д╨╜Ф╧√Е▄╨','320900'),('320903','Г⌡░И┐╫Е▄╨','320900'),('320921','Е⌠█Ф╟╢Е▌©','320900'),('320922','Ф╩╗Ф╣╥Е▌©','320900'),('320923','И≤°Е╝│Е▌©','320900'),('320924','Е╟└И≤ЁЕ▌©','320900'),('320925','Е╩╨Ф╧√Е▌©','320900'),('320981','Д╦°Е▐╟Е╦┌','320900'),('320982','Е╓╖Д╦╟Е╦┌','320900'),('321001','Е╦┌Х╬√Е▄╨','321000'),('321002','Е╧©И≥╣Е▄╨','321000'),('321003','И┌≈Ф╠÷Е▄╨','321000'),('321011','И┐┼Ц──Е▄╨','321000'),('321023','Е╝²Е╨■Е▌©','321000'),('321081','Д╩╙Е╬│Е╦┌','321000'),('321084','И╚≤И┌╝Е╦┌','321000'),('321088','Ф╠÷И┐╫Е╦┌','321000'),('321101','Е╦┌Х╬√Е▄╨','321100'),('321102','Д╨╛Е▐ёЕ▄╨','321100'),('321111','Ф╤╕Е╥·Е▄╨','321100'),('321112','Д╦╧Е╬▓Е▄╨','321100'),('321181','Д╦╧И≤ЁЕ╦┌','321100'),('321182','Ф┴╛Д╦╜Е╦┌','321100'),('321183','Е▐╔Е╝╧Е╦┌','321100'),('321201','Е╦┌Х╬√Е▄╨','321200'),('321202','Ф╣╥И≥╣Е▄╨','321200'),('321203','И╚≤Ф╦╞Е▄╨','321200'),('321281','Е┘╢Е▄√Е╦┌','321200'),('321282','И²√Ф╠÷Е╦┌','321200'),('321283','ФЁ╟Е┘╢Е╦┌','321200'),('321284','Е╖°Е═╟Е╦┌','321200'),('321301','Е╦┌Х╬√Е▄╨','321300'),('321302','Е╝©Е÷▌Е▄╨','321300'),('321311','Е╝©Х╠╚Е▄╨','321300'),('321322','Ф╡╜И≤ЁЕ▌©','321300'),('321323','ФЁ≈И≤ЁЕ▌©','321300'),('321324','ФЁ≈Ф╢╙Е▌©','321300'),('330101','Е╦┌Х╬√Е▄╨','330100'),('330102','Д╦┼Е÷▌Е▄╨','330100'),('330103','Д╦▀Е÷▌Е▄╨','330100'),('330104','Ф╠÷Е╧╡Е▄╨','330100'),('330105','Ф▀╠Е╒┘Е▄╨','330100'),('330106','Х╔©Ф╧√Е▄╨','330100'),('330108','Ф╩╗Ф╠÷Е▄╨','330100'),('330109','Х░╖Е╠╠Е▄╨','330100'),('330110','Д╫≥Ф²╜Е▄╨','330100'),('330122','Ф║░Е╨░Е▌©','330100'),('330127','Ф╥ЁЕ╝┴Е▌©','330100'),('330182','Е╩╨Е╬╥Е╦┌','330100'),('330183','Е╞▄И≤ЁЕ╦┌','330100'),('330185','Д╦╢Е╝┴Е╦┌','330100'),('330201','Е╦┌Х╬√Е▄╨','330200'),('330203','Ф╣╥Ф⌡≥Е▄╨','330200'),('330204','Ф╠÷Д╦°Е▄╨','330200'),('330205','Ф╠÷Е▄≈Е▄╨','330200'),('330206','Е▄≈Д╩▒Е▄╨','330200'),('330211','И∙┤Ф╣╥Е▄╨','330200'),('330212','И└·Е╥·Е▄╨','330200'),('330225','Х╠║Е╠╠Е▌©','330200'),('330226','Е╝│Ф╣╥Е▌©','330200'),('330281','Д╫≥Е╖ Е╦┌','330200'),('330282','Ф┘┬Ф╨╙Е╦┌','330200'),('330283','Е╔┴Е▄√Е╦┌','330200'),('330301','Е╦┌Х╬√Е▄╨','330300'),('330302','И╧©Е÷▌Е▄╨','330300'),('330303','И╬≥Ф╧╬Е▄╨','330300'),('330304','Г⌠╞Ф╣╥Е▄╨','330300'),('330322','Ф╢·Е╓╢Е▌©','330300'),('330324','Ф╟╦Е≤┴Е▌©','330300'),('330326','Е╧ЁИ≤ЁЕ▌©','330300'),('330327','Х▀█Е█≈Е▌©','330300'),('330328','Ф√┤Ф┬░Е▌©','330300'),('330329','ФЁ╟И║╨Е▌©','330300'),('330381','Г▒·Е╝┴Е╦┌','330300'),('330382','Д╧░Ф╦┘Е╦┌','330300'),('330401','Е╦┌Х╬√Е▄╨','330400'),('330402','Г╖─Е÷▌Е▄╨','330400'),('330411','Г╖─Ф╢╡Е▄╨','330400'),('330421','Е≤┴Е√└Е▌©','330400'),('330424','Ф╣╥Г⌡░Е▌©','330400'),('330481','Ф╣╥Е╝│Е╦┌','330400'),('330482','Е╧ЁФ╧√Е╦┌','330400'),('330483','Ф║░Д╧║Е╦┌','330400'),('330501','Е╦┌Х╬√Е▄╨','330500'),('330502','Е░╢Е┘╢Е▄╨','330500'),('330503','Е█≈Ф╣■Е▄╨','330500'),('330521','Е╬╥Ф╦┘Е▌©','330500'),('330522','И∙©Е┘╢Е▌©','330500'),('330523','Е╝┴Е░┴Е▌©','330500'),('330601','Е╦┌Х╬√Е▄╨','330600'),('330602','Х╤┼Е÷▌Е▄╨','330600'),('330621','Г╩█Е┘╢Е▌©','330600'),('330624','Ф√╟Ф≤▄Е▌©','330600'),('330681','Х╞╦Ф ╗Е╦┌','330600'),('330682','Д╦┼Х≥·Е╦┌','330600'),('330683','Е╣┼Е╥·Е╦┌','330600'),('330701','Е╦┌Х╬√Е▄╨','330700'),('330702','Е╘╨Е÷▌Е▄╨','330700'),('330703','И┤▒Д╦°Е▄╨','330700'),('330723','Ф╜╕Д╧┴Е▌©','330700'),('330726','Ф╣╕Ф╠÷Е▌©','330700'),('330727','Гё░Е╝┴Е▌©','330700'),('330781','Е┘╟Ф╨╙Е╦┌','330700'),('330782','Д╧┴Д╧▄Е╦┌','330700'),('330783','Д╦°И≤ЁЕ╦┌','330700'),('330784','Ф╟╦Е╨╥Е╦┌','330700'),('330801','Е╦┌Х╬√Е▄╨','330800'),('330802','Ф÷╞Е÷▌Е▄╨','330800'),('330803','Х║╒Ф╠÷Е▄╨','330800'),('330822','Е╦╦Е╠╠Е▌©','330800'),('330824','Е╪─Е▄√Е▌©','330800'),('330825','И╬≥Ф╦╦Е▌©','330800'),('330881','Ф╠÷Е╠╠Е╦┌','330800'),('330901','Е╦┌Х╬√Е▄╨','330900'),('330902','Е╝ Ф╣╥Е▄╨','330900'),('330903','Ф≥╝И≥─Е▄╨','330900'),('330921','Е╡╠Е╠╠Е▌©','330900'),('330922','Е╣┼ФЁ≈Е▌©','330900'),('331001','Е╦┌Х╬√Е▄╨','331000'),('331002','Ф╓▓Ф╠÷Е▄╨','331000'),('331003','И╩└Е╡╘Е▄╨','331000'),('331004','Х╥╞Ф║╔Е▄╨','331000'),('331021','Г▌┴Г▌╞Е▌©','331000'),('331022','Д╦┴И≈╗Е▌©','331000'),('331023','Е╓╘Е▐╟Е▌©','331000'),('331024','Д╩≥Е╠┘Е▌©','331000'),('331081','Ф╦╘Е╡╜Е╦┌','331000'),('331082','Д╦╢Ф╣╥Е╦┌','331000'),('331101','Е╦┌Х╬√Е▄╨','331100'),('331102','Х▌╡И┐╫Е▄╨','331100'),('331121','И²▓Г■╟Е▌©','331100'),('331122','Г╪≥Д╨▒Е▌©','331100'),('331123','И│┌Ф≤▄Е▌©','331100'),('331124','Ф²╬И≤ЁЕ▌©','331100'),('331125','Д╨▒Е▓▄Е▌©','331100'),('331126','Е╨├Е┘┐Е▌©','331100'),('331127','Ф≥╞Е╝│Г∙╡Ф≈▐Х┤╙Ф╡╩Е▌©','331100'),('331181','И╬≥ФЁ┴Е╦┌','331100'),('340101','Е╦┌Х╬√Е▄╨','340100'),('340102','Г▒╤Ф╣╥Е▄╨','340100'),('340103','Е╨░И≤ЁЕ▄╨','340100'),('340104','Х°─Е╠╠Е▄╨','340100'),('340111','Е▄┘Ф╡ЁЕ▄╨','340100'),('340121','И∙©Д╦╟Е▌©','340100'),('340122','Х┌╔Д╦°Е▌©','340100'),('340123','Х┌╔Х╔©Е▌©','340100'),('340201','Е╦┌Х╬√Е▄╨','340200'),('340202','И∙°Ф╧√Е▄╨','340200'),('340203','И╘╛Е║≤Е▄╨','340200'),('340204','Ф√╟Х┼°Е▄╨','340200'),('340207','И╦═Ф╠÷Е▄╨','340200'),('340221','Х┼°Ф╧√Е▌©','340200'),('340222','Г╧│Ф≤▄Е▌©','340200'),('340223','Е█≈И≥╣Е▌©','340200'),('340301','Е╦┌Х╬√Е▄╨','340300'),('340302','И╬≥Е╜░Ф╧√Е▄╨','340300'),('340303','Х ▄Е╠╠Е▄╨','340300'),('340304','Г╕╧Д╪ Е▄╨','340300'),('340311','Ф╥╝Д╦┼Е▄╨','340300'),('340321','Ф──Х©°Е▌©','340300'),('340322','Д╨■Ф╡ЁЕ▌©','340300'),('340323','Е⌡╨И∙┤Е▌©','340300'),('340401','Е╦┌Х╬√Е▄╨','340400'),('340402','Е╓╖И─ Е▄╨','340400'),('340403','Г■╟Е╝╤Е╨╣Е▄╨','340400'),('340404','Х╟╒Е╝╤И⌡├Е▄╨','340400'),('340405','Е┘╚Е┘╛Е╠╠Е▄╨','340400'),('340406','Ф╫≤И⌡├Е▄╨','340400'),('340421','Е┤╓Е▐╟Е▌©','340400'),('340501','Е╦┌Х╬√Е▄╨','340500'),('340502','И┤▒Е╝╤Е╨└Е▄╨','340500'),('340503','Х┼╠Е╠╠Е▄╨','340500'),('340504','И⌡╗Е╠╠Е▄╨','340500'),('340521','Е╫⌠Ф╤┌Е▌©','340500'),('340601','Е╦┌Х╬√Е▄╨','340600'),('340602','Ф²°И⌡├Е▄╨','340600'),('340603','Г⌡╦Е╠╠Е▄╨','340600'),('340604','Г┐┬Е╠╠Е▄╨','340600'),('340621','Ф©┴Ф╨╙Е▌©','340600'),('340701','Е╦┌Х╬√Е▄╨','340700'),('340702','И⌠°Е╝≤Е╠╠Е▄╨','340700'),('340703','Г▀╝Е╜░Е╠╠Е▄╨','340700'),('340711','И┐┼Ц──Е▄╨','340700'),('340721','И⌠°И≥╣Е▌©','340700'),('340801','Е╦┌Х╬√Е▄╨','340800'),('340802','Х©▌Ф╠÷Е▄╨','340800'),('340803','Е╓╖Х╖┌Е▄╨','340800'),('340811','И┐┼Ц──Е▄╨','340800'),('340822','Ф──Е╝│Е▌©','340800'),('340823','Ф··И≤ЁЕ▌©','340800'),('340824','Ф╫°Е╠╠Е▌©','340800'),('340825','Е╓╙Ф╧√Е▌©','340800'),('340826','Е╝©Ф²╬Е▌©','340800'),('340827','Ф°⌡Ф╠÷Е▌©','340800'),('340828','Е╡ЁХ╔©Е▌©','340800'),('340881','Ф║░Е÷▌Е╦┌','340800'),('341001','Е╦┌Х╬√Е▄╨','341000'),('341002','Е╠╞Ф╨╙Е▄╨','341000'),('341003','И╩└Е╠╠Е▄╨','341000'),('341004','Е╬╫Е╥·Е▄╨','341000'),('341021','Ф╜≥Ц──Е▌©','341000'),('341022','Д╪▒Е╝│Е▌©','341000'),('341023','И╩÷Ц──Е▌©','341000'),('341024','Г╔│И≈╗Е▌©','341000'),('341101','Е╦┌Х╬√Е▄╨','341100'),('341102','Г░┘Г░┼Е▄╨','341100'),('341103','Е█≈Х╟╞Е▄╨','341100'),('341122','Ф²╔Е╝┴Е▌©','341100'),('341124','Е┘╗Ф╓▓Е▌©','341100'),('341125','Е╝ Х©°Е▌©','341100'),('341126','Е┤╓И≤ЁЕ▌©','341100'),('341181','Е╓╘И∙©Е╦┌','341100'),('341182','Ф≤▌Е┘┴Е╦┌','341100'),('341201','Е╦┌Х╬√Е▄╨','341200'),('341202','И╒█Е╥·Е▄╨','341200'),('341203','И╒█Д╦°Е▄╨','341200'),('341204','И╒█ФЁ┴Е▄╨','341200'),('341221','Д╦╢ФЁ┴Е▌©','341200'),('341222','Е╓╙Е▓▄Е▌©','341200'),('341225','И≤°Е█≈Е▌©','341200'),('341226','И╒█Д╦┼Е▌©','341200'),('341282','Г∙▄И╕√Е╦┌','341200'),('341301','Е╦┌Х╬√Е▄╨','341300'),('341302','Е╒┴Ф║╔Е▄╨','341300'),('341321','Г═─Е╠╠Е▌©','341300'),('341322','Х░╖Ц──Е▌©','341300'),('341323','Г│╣Г▓╖Е▌©','341300'),('341324','ФЁ≈Ц──Е▌©','341300'),('341401','Е╦┌Х╬√Е▄╨','341400'),('341402','Е╠┘Е╥╒Е▄╨','341400'),('341421','Е╨░Ф╠÷Е▌©','341400'),('341422','Ф≈═Д╦╨Е▌©','341400'),('341423','Е░╚Е╠╠Е▌©','341400'),('341424','Е▓▄Ц──Е▌©','341400'),('341501','Е╦┌Х╬√Е▄╨','341500'),('341502','И┤▒Е╝┴Е▄╨','341500'),('341503','Хё∙Е╝┴Е▄╨','341500'),('341521','Е╞©Ц──Е▌©','341500'),('341522','И°█И┌╠Е▌©','341500'),('341523','Х┬▓Е÷▌Е▌©','341500'),('341524','И┤▒Е╞╗Е▌©','341500'),('341525','И°█Е╠╠Е▌©','341500'),('341601','Е╦┌Х╬√Е▄╨','341600'),('341602','Х╟╞Е÷▌Е▄╨','341600'),('341621','Ф╤║И≤ЁЕ▌©','341600'),('341622','Х▓≥Е÷▌Е▌©','341600'),('341623','Е┬╘Х╬⌡Е▌©','341600'),('341701','Е╦┌Х╬√Е▄╨','341700'),('341702','Х╢╣Ф╠═Е▄╨','341700'),('341721','Д╦°Х┤ЁЕ▌©','341700'),('341722','Г÷ЁЕ▐╟Е▌©','341700'),('341723','И²▓И≤ЁЕ▌©','341700'),('341801','Е╦┌Х╬√Е▄╨','341800'),('341802','Е╝ёЕ╥·Е▄╨','341800'),('341821','И┐▌Ф╨╙Е▌©','341800'),('341822','Е╧©Е╬╥Е▌©','341800'),('341823','ФЁ╬Ц──Е▌©','341800'),('341824','Г╩╘Ф╨╙Е▌©','341800'),('341825','Ф≈▄Е╬╥Е▌©','341800'),('341881','Е╝│Е⌡╫Е╦┌','341800'),('350101','Е╦┌Х╬√Е▄╨','350100'),('350102','И╪⌠Ф╔╪Е▄╨','350100'),('350103','Е▐╟Ф╠÷Е▄╨','350100'),('350104','Д╩⌠Е╠╠Е▄╨','350100'),('350105','И╘╛Е╟╬Е▄╨','350100'),('350111','Ф≥▀Е╝┴Е▄╨','350100'),('350121','И≈╫Д╬╞Е▌©','350100'),('350122','Х©·Ф╠÷Е▌©','350100'),('350123','Г╫≈Ф╨░Е▌©','350100'),('350124','И≈╫Ф╦┘Е▌©','350100'),('350125','Ф╟╦ФЁ╟Е▌©','350100'),('350128','Е╧ЁФ╫╜Е▌©','350100'),('350181','Г╕▐Ф╦┘Е╦┌','350100'),('350182','И∙©Д╧░Е╦┌','350100'),('350201','Е╦┌Х╬√Е▄╨','350200'),('350203','Ф─²Ф≤▌Е▄╨','350200'),('350205','Ф╣╥Ф╡╖Е▄╨','350200'),('350206','Ф╧√И┤▄Е▄╨','350200'),('350211','И⌡├Г╬▌Е▄╨','350200'),('350212','Е░▄Е╝┴Е▄╨','350200'),('350213','Г©■Е╝┴Е▄╨','350200'),('350301','Е╦┌Х╬√Е▄╨','350300'),('350302','Е÷▌Е▌╒Е▄╨','350300'),('350303','Ф╤╣Ф╠÷Е▄╨','350300'),('350304','Х█■Е÷▌Е▄╨','350300'),('350305','Г╖─Е╠©Е▄╨','350300'),('350322','Д╩≥Ф╦╦Е▌©','350300'),('350401','Е╦┌Х╬√Е▄╨','350400'),('350402','Ф╒┘Е┬≈Е▄╨','350400'),('350403','Д╦┴Е┘┐Е▄╨','350400'),('350421','Ф≤▌Ф╨╙Е▌©','350400'),('350423','Ф╦┘Ф╣│Е▌©','350400'),('350424','Е╝│Е▄√Е▌©','350400'),('350425','Е╓╖Г■╟Е▌©','350400'),('350426','Е╟╓Ф╨╙Е▌©','350400'),('350427','Ф╡≥Ц──Е▌©','350400'),('350428','Е╟├Д╧░Е▌©','350400'),('350429','ФЁ╟Е╝│Е▌©','350400'),('350430','Е╩╨Е╝│Е▌©','350400'),('350481','Ф╟╦Е╝┴Е╦┌','350400'),('350501','Е╦┌Х╬√Е▄╨','350500'),('350502','И╡╓Е÷▌Е▄╨','350500'),('350503','Д╦╟ФЁ╫Е▄╨','350500'),('350504','Ф╢⌡Ф╠÷Е▄╨','350500'),('350505','ФЁ┴Ф╦╞Е▄╨','350500'),('350521','Ф┐═Е╝┴Е▌©','350500'),('350524','Е╝┴Ф╨╙Е▌©','350500'),('350525','Ф╟╦Ф≤╔Е▌©','350500'),('350526','Е╬╥Е▄√Е▌©','350500'),('350527','И┤▒И≈╗Е▌©','350500'),('350581','Г÷ЁГ▀╝Е╦┌','350500'),('350582','Ф≥▀Ф╠÷Е╦┌','350500'),('350583','Е█≈Е╝┴Е╦┌','350500'),('350601','Е╦┌Х╬√Е▄╨','350600'),('350602','Х┼≈Е÷▌Е▄╨','350600'),('350603','И╬≥Ф√┤Е▄╨','350600'),('350622','Д╨▒И°└Е▌©','350600'),('350623','Ф╪ЁФ╣╕Е▌©','350600'),('350624','Х╞▐Е╝┴Е▌©','350600'),('350625','И∙©ФЁ╟Е▌©','350600'),('350626','Д╦°Е╠╠Е▌©','350600'),('350627','Е█≈И²√Е▌©','350600'),('350628','Е╧ЁЕ▓▄Е▌©','350600'),('350629','Е█▌Е╝┴Е▌©','350600'),('350681','И╬≥Ф╣╥Е╦┌','350600'),('350701','Е╦┌Х╬√Е▄╨','350700'),('350702','Е╩╤Е╧ЁЕ▄╨','350700'),('350721','И║╨Ф≤▄Е▌©','350700'),('350722','Ф╣╕Е÷▌Е▌©','350700'),('350723','Е┘┴ФЁ╫Е▌©','350700'),('350724','Ф²╬Ф╨╙Е▌©','350700'),('350725','Ф■©Е▓▄Е▌©','350700'),('350781','И┌╣Ф╜╕Е╦┌','350700'),('350782','Ф╜╕Е╓╥Е╠╠Е╦┌','350700'),('350783','Е╩╨Г⌠╞Е╦┌','350700'),('350784','Е╩╨И≤ЁЕ╦┌','350700'),('350801','Е╦┌Х╬√Е▄╨','350800'),('350802','Ф√╟Г╫≈Е▄╨','350800'),('350821','И∙©Ф╠─Е▌©','350800'),('350822','Ф╟╦Е╝ Е▌©','350800'),('350823','Д╦┼Ф²╜Е▌©','350800'),('350824','Ф╜╕Е╧ЁЕ▌©','350800'),('350825','Х©·Е÷▌Е▌©','350800'),('350881','Ф╪ЁЕ╧ЁЕ╦┌','350800'),('350901','Е╦┌Х╬√Е▄╨','350900'),('350902','Х∙┴Е÷▌Е▄╨','350900'),('350921','И°·Ф╣╕Е▌©','350900'),('350922','Е▐╓Г■╟Е▌©','350900'),('350923','Е╠▐Е█≈Е▌©','350900'),('350924','Е╞©Е╝│Е▌©','350900'),('350925','Е▒╗Е╝│Е▌©','350900'),('350926','Ф÷≤Х█ёЕ▌©','350900'),('350981','Г╕▐Е╝┴Е╦┌','350900'),('350982','Г╕▐И╪▌Е╦┌','350900'),('360101','Е╦┌Х╬√Е▄╨','360100'),('360102','Д╦°Ф╧√Е▄╨','360100'),('360103','Х╔©Ф╧√Е▄╨','360100'),('360104','И²▓Д╨▒Х╟╠Е▄╨','360100'),('360105','Ф╧╬И┤▄Е▄╨','360100'),('360111','И²▓Е╠╠Ф╧√Е▄╨','360100'),('360121','Е█≈Ф≤▄Е▌©','360100'),('360122','Ф√╟Е╩╨Е▌©','360100'),('360123','Е╝┴Д╧┴Е▌©','360100'),('360124','Х©⌡Х╢╓Е▌©','360100'),('360201','Е╦┌Х╬√Е▄╨','360200'),('360202','Ф≤▄Ф╠÷Е▄╨','360200'),('360203','Г▐═Е╠╠Е▄╨','360200'),('360222','Ф╣╝Ф╒│Е▌©','360200'),('360281','Д╧░Е╧ЁЕ╦┌','360200'),('360301','Е╦┌Х╬√Е▄╨','360300'),('360302','Е╝┴Ф╨░Е▄╨','360300'),('360313','Ф╧≤Д╦°Е▄╨','360300'),('360321','Х▌╡Х┼╠Е▌©','360300'),('360322','Д╦┼Ф═≈Е▌©','360300'),('360323','Х┼╕Ф╨╙Е▌©','360300'),('360401','Е╦┌Х╬√Е▄╨','360400'),('360402','Е╨░Е╠╠Е▄╨','360400'),('360403','Ф╣■И≤ЁЕ▄╨','360400'),('360421','Д╧²Ф╠÷Е▌©','360400'),('360423','Ф╜╕Е╝│Е▌©','360400'),('360424','Д©╝Ф╟╢Е▌©','360400'),('360425','Ф╟╦Д©╝Е▌©','360400'),('360426','Е╬╥Е╝┴Е▌©','360400'),('360427','Ф≤÷Е╜░Е▌©','360400'),('360428','И┐╫Ф≤▄Е▌©','360400'),('360429','Ф╧√Е▐ёЕ▌©','360400'),('360430','Е╫╜ФЁ╫Е▌©','360400'),('360481','Г▒·Ф≤▄Е╦┌','360400'),('360501','Е╦┌Х╬√Е▄╨','360500'),('360502','Ф╦²Ф╟╢Е▄╨','360500'),('360521','Е┬├Е╝°Е▌©','360500'),('360601','Е╦┌Х╬√Е▄╨','360600'),('360602','Ф°┬Ф╧√Е▄╨','360600'),('360622','Д╫≥Ф╠÷Е▌©','360600'),('360681','Х╢╣Ф╨╙Е╦┌','360600'),('360701','Е╦┌Х╬√Е▄╨','360700'),('360702','Г╚═Х╢║Е▄╨','360700'),('360721','Х╣ёЦ──Е▌©','360700'),('360722','Д©║Д╦╟Е▌©','360700'),('360723','Е╓╖Д╫≥Е▌©','360700'),('360724','Д╦┼Г┼╧Е▌©','360700'),('360725','Е╢┤Д╧┴Е▌©','360700'),('360726','Е╝┴Х©°Е▌©','360700'),('360727','И╬≥Е█≈Е▌©','360700'),('360728','Е╝ Е█≈Е▌©','360700'),('360729','Е┘╗Е█≈Е▌©','360700'),('360730','Е╝│И┐╫Е▌©','360700'),('360731','Д╨▌И┐╫Е▌©','360700'),('360732','Е┘╢Е⌡╫Е▌©','360700'),('360733','Д╪ Ф≤▄Е▌©','360700'),('360734','Е╞╩Д╧▄Е▌©','360700'),('360735','Г÷ЁЕ÷▌Е▌©','360700'),('360781','Г▒·И┤▒Е╦┌','360700'),('360782','Е█≈Е╨╥Е╦┌','360700'),('360801','Е╦┌Х╬√Е▄╨','360800'),('360802','Е░┴Е╥·Е▄╨','360800'),('360803','И²▓Е▌÷Е▄╨','360800'),('360821','Е░┴Е╝┴Е▌©','360800'),('360822','Е░┴Ф╟╢Е▌©','360800'),('360823','ЕЁ║Ф╠÷Е▌©','360800'),('360824','Ф√╟Е╧╡Е▌©','360800'),('360825','Ф╟╦Д╦╟Е▌©','360800'),('360826','ФЁ╟Е▓▄Е▌©','360800'),('360827','И│┌Е╥²Е▌©','360800'),('360828','Д╦┤Е╝┴Е▌©','360800'),('360829','Е╝┴Г╕▐Е▌©','360800'),('360830','Ф╟╦Ф√╟Е▌©','360800'),('360881','Д╨∙Е├┬Е╠╠Е╦┌','360800'),('360901','Е╦┌Х╬√Е▄╨','360900'),('360902','Х╒│Е╥·Е▄╨','360900'),('360921','Е╔┴Ф√╟Е▌©','360900'),('360922','Д╦┤Х╫╫Е▌©','360900'),('360923','Д╦┼И╚≤Е▌©','360900'),('360924','Е╝°Д╦╟Е▌©','360900'),('360925','И²√Е╝┴Е▌©','360900'),('360926','И⌠°И╪⌠Е▌©','360900'),('360981','Д╦╟Е÷▌Е╦┌','360900'),('360982','Ф╗÷Ф═▒Е╦┌','360900'),('360983','И╚≤Е╝┴Е╦┌','360900'),('361001','Е╦┌Х╬√Е▄╨','361000'),('361002','Д╦╢Е╥²Е▄╨','361000'),('361021','Е█≈Е÷▌Е▌©','361000'),('361022','И╩▌Е╥²Е▌©','361000'),('361023','Е█≈Д╦╟Е▌©','361000'),('361024','Е╢┤Д╩│Е▌©','361000'),('361025','Д╧░Е╝┴Е▌©','361000'),('361026','Е╝°И╩└Е▌©','361000'),('361027','И┤▒Ф╨╙Е▌©','361000'),('361028','Х╣└Ф╨╙Е▌©','361000'),('361029','Д╦°Д╧║Е▌©','361000'),('361030','Е╧©Ф≤▄Е▌©','361000'),('361101','Е╦┌Х╬√Е▄╨','361100'),('361102','Д©║Е╥·Е▄╨','361100'),('361121','Д╦┼И╔╤Е▌©','361100'),('361122','Е╧©Д╦╟Е▌©','361100'),('361123','Г▌┴Е╠╠Е▌©','361100'),('361124','И⌠┘Е╠╠Е▌©','361100'),('361125','Ф╗╙ЕЁ╟Е▌©','361100'),('361126','Е╪▀И≤ЁЕ▌©','361100'),('361127','Д╫≥Е╧╡Е▌©','361100'),('361128','И└╠И≤ЁЕ▌©','361100'),('361129','Д╦┤Е╧╢Е▌©','361100'),('361130','Е╘╨Ф╨░Е▌©','361100'),('361181','Е╬╥Е┘╢Е╦┌','361100'),('370101','Е╦┌Х╬√Е▄╨','370100'),('370102','Е▌├Д╦▀Е▄╨','370100'),('370103','Е╦┌Д╦╜Е▄╨','370100'),('370104','Ф╖░Х█╚Е▄╨','370100'),('370105','Е╓╘Ф║╔Е▄╨','370100'),('370112','Е▌├Е÷▌Е▄╨','370100'),('370113','И∙©Ф╦┘Е▄╨','370100'),('370124','Е╧ЁИ≤╢Е▌©','370100'),('370125','Ф╣▌И≤ЁЕ▌©','370100'),('370126','Е∙├Ф╡ЁЕ▌©','370100'),('370181','Г╚═Д╦≤Е╦┌','370100'),('370201','Е╦┌Х╬√Е▄╨','370200'),('370202','Е╦┌Е█≈Е▄╨','370200'),('370203','Е╦┌Е▄≈Е▄╨','370200'),('370205','Е⌡⌡Ф√╧Е▄╨','370200'),('370211','И╩└Е╡⌡Е▄╨','370200'),('370212','Е╢┌Е╠╠Е▄╨','370200'),('370213','Ф²▌Ф╡╖Е▄╨','370200'),('370214','Е÷▌И≤ЁЕ▄╨','370200'),('370281','Х┐╤Е╥·Е╦┌','370200'),('370282','Е█ЁЕ╒╗Е╦┌','370200'),('370283','Е╧ЁЕ╨╕Е╦┌','370200'),('370284','Х┐╤Е█≈Е╦┌','370200'),('370285','Х▌╠Х╔©Е╦┌','370200'),('370301','Е╦┌Х╬√Е▄╨','370300'),('370302','Ф╥└Е╥²Е▄╨','370300'),('370303','Е╪═Е╨≈Е▄╨','370300'),('370304','Е█ Е╠╠Е▄╨','370300'),('370305','Д╦╢Ф╥└Е▄╨','370300'),('370306','Е▒╗Ф²▒Е▄╨','370300'),('370321','Ф║⌠Е▐╟Е▌©','370300'),('370322','И╚≤И²▓Е▌©','370300'),('370323','Ф╡┌Ф╨░Е▌©','370300'),('370401','Е╦┌Х╬√Е▄╨','370400'),('370402','Е╦┌Д╦╜Е▄╨','370400'),('370403','Х√⌡Е÷▌Е▄╨','370400'),('370404','ЕЁ└Е÷▌Е▄╨','370400'),('370405','Е▐╟Е└©Е╨└Е▄╨','370400'),('370406','Е╠╠Д╨╜Е▄╨','370400'),('370481','Ф╩∙Е╥·Е╦┌','370400'),('370501','Е╦┌Х╬√Е▄╨','370500'),('370502','Д╦°Х░╔Е▄╨','370500'),('370503','Ф╡ЁЕ▐ёЕ▄╨','370500'),('370521','Е·╕Е┬╘Е▌©','370500'),('370522','Е┬╘Ф╢╔Е▌©','370500'),('370523','Е╧©И╔╤Е▌©','370500'),('370601','Е╦┌Х╬√Е▄╨','370600'),('370602','Х┼²Г╫≤Е▄╨','370600'),('370611','Г╕▐Е╠╠Е▄╨','370600'),('370612','Г┴÷Е╧ЁЕ▄╨','370600'),('370613','Х▌╠Е╠╠Е▄╨','370600'),('370634','И∙©Е╡⌡Е▌©','370600'),('370681','И╬≥Е▐ёЕ╦┌','370600'),('370682','Х▌╠И≤ЁЕ╦┌','370600'),('370683','Х▌╠Е╥·Е╦┌','370600'),('370684','Х⌠╛Х▌╠Е╦┌','370600'),('370685','Ф▀⌡Х©°Е╦┌','370600'),('370686','Ф═√И°·Е╦┌','370600'),('370687','Ф╣╥И≤ЁЕ╦┌','370600'),('370701','Е╦┌Х╬√Е▄╨','370700'),('370702','Ф╫█Е÷▌Е▄╨','370700'),('370703','Е╞▓Д╨╜Е▄╨','370700'),('370704','Е²┼Е╜░Е▄╨','370700'),('370705','Е╔▌Ф√┤Е▄╨','370700'),('370724','Д╦╢Ф°░Е▌©','370700'),('370725','Ф≤▄Д╧░Е▌©','370700'),('370781','И²▓Е╥·Е╦┌','370700'),('370782','Х╞╦Е÷▌Е╦┌','370700'),('370783','Е╞©Е┘┴Е╦┌','370700'),('370784','Е╝┴Д╦≤Е╦┌','370700'),('370785','И╚≤Е╞├Е╦┌','370700'),('370786','Ф≤▄И┌▒Е╦┌','370700'),('370801','Е╦┌Х╬√Е▄╨','370800'),('370802','Е╦┌Д╦╜Е▄╨','370800'),('370811','Д╩╩Е÷▌Е▄╨','370800'),('370826','Е╬╝Е╠╠Е▌©','370800'),('370827','И╠╪Е▐╟Е▌©','370800'),('370828','И┤▒Д╧║Е▌©','370800'),('370829','Е≤┴Г╔╔Е▌©','370800'),('370830','Ф╠╤Д╦┼Е▌©','370800'),('370831','ФЁ≈Ф╟╢Е▌©','370800'),('370832','Ф╒│Е╠╠Е▌©','370800'),('370881','Ф⌡╡И≤°Е╦┌','370800'),('370882','Е┘√Е╥·Е╦┌','370800'),('370883','И┌╧Е÷▌Е╦┌','370800'),('370901','Е╦┌Х╬√Е▄╨','370900'),('370902','ФЁ╟Е╠╠Е▄╨','370900'),('370903','Е╡╠Е╡ЁЕ▄╨','370900'),('370921','Е╝│И≤ЁЕ▌©','370900'),('370923','Д╦°Е╧ЁЕ▌©','370900'),('370982','Ф√╟ФЁ╟Е╦┌','370900'),('370983','Х┌╔Е÷▌Е╦┌','370900'),('371001','Е╦┌Х╬√Е▄╨','371000'),('371002','Г▌╞Г©═Е▄╨','371000'),('371081','Ф√┤Г≥╩Е╦┌','371000'),('371082','Х█ёФ┬░Е╦┌','371000'),('371083','Д╧ЁЕ╠╠Е╦┌','371000'),('371101','Е╦┌Х╬√Е▄╨','371100'),('371102','Д╦°Ф╦╞Е▄╨','371100'),('371103','Е╡ Е╠╠Е▄╨','371100'),('371121','Д╨■Х▌╡Е▌©','371100'),('371122','Х▌▓Ц──Е▌©','371100'),('371201','Е╦┌Х╬√Е▄╨','371200'),('371202','Х▌╠Е÷▌Е▄╨','371200'),('371203','И▓╒Е÷▌Е▄╨','371200'),('371301','Е╦┌Х╬√Е▄╨','371300'),('371302','Е┘╟Е╠╠Е▄╨','371300'),('371311','Г╫≈Е╨└Е▄╨','371300'),('371312','Ф╡ЁД╦°Е▄╨','371300'),('371321','Ф╡┌Е█≈Е▌©','371300'),('371322','И┐╞Е÷▌Е▌©','371300'),('371323','Ф╡┌Ф╟╢Е▌©','371300'),('371324','Х▀█Е╠╠Е▌©','371300'),('371325','Х╢╧Ц──Е▌©','371300'),('371326','Е╧ЁИ┌▒Е▌©','371300'),('371327','Х▌▓Е█≈Е▌©','371300'),('371328','Х▓≥И≤╢Е▌©','371300'),('371329','Д╦╢Ф╡╜Е▌©','371300'),('371401','Е╦┌Х╬√Е▄╨','371400'),('371402','Е╬╥Е÷▌Е▄╨','371400'),('371421','И≥╣Ц──Е▌©','371400'),('371422','Е╝│Ф╢╔Е▌©','371400'),('371423','Е╨├Д╨▒Е▌©','371400'),('371424','Д╦╢И┌▒Е▌©','371400'),('371425','И╫░Ф╡ЁЕ▌©','371400'),('371426','Е╧ЁЕ▌÷Е▌©','371400'),('371427','Е╓▐Ф╢╔Е▌©','371400'),('371428','Ф╜╕Е÷▌Е▌©','371400'),('371481','Д╧░И≥╣Е╦┌','371400'),('371482','Г╕╧Е÷▌Е╦┌','371400'),('371501','Е╦┌Х╬√Е▄╨','371500'),('371502','Д╦°Ф≤▄Е╨°Е▄╨','371500'),('371521','И≤ЁХ╟╥Е▌©','371500'),('371522','Х▌≤Ц──Е▌©','371500'),('371523','Х▄▄Е╧ЁЕ▌©','371500'),('371524','Д╦°И≤©Е▌©','371500'),('371525','Е├═Ц──Е▌©','371500'),('371526','И╚≤Е■░Е▌©','371500'),('371581','Д╦╢Ф╦┘Е╦┌','371500'),('371601','Е╦┌Х╬√Е▄╨','371600'),('371602','Ф╩╗Е÷▌Е▄╨','371600'),('371621','Ф┐═Ф╟▒Е▌©','371600'),('371622','И≤ЁД©║Е▌©','371600'),('371623','Ф≈═ФёёЕ▌©','371600'),('371624','Ф╡╬Е▄√Е▌©','371600'),('371625','Е█ Е┘╢Е▌©','371600'),('371626','И┌╧Е╧ЁЕ▌©','371600'),('371701','Е╦┌Х╬√Е▄╨','371700'),('371702','Г┴║Д╦╧Е▄╨','371700'),('371721','Ф⌡╧Ц──Е▌©','371700'),('371722','Е█∙Ц──Е▌©','371700'),('371723','Ф┬░Ф╜╕Е▌©','371700'),('371724','Е╥╗И┤▌Е▌©','371700'),('371725','И┐⌠Е÷▌Е▌©','371700'),('371726','И└└Е÷▌Е▌©','371700'),('371727','Е╝ И≥╤Е▌©','371700'),('371728','Д╦°Ф≤▌Е▌©','371700'),('410101','Е╦┌Х╬√Е▄╨','410100'),('410102','Д╦╜Е▌÷Е▄╨','410100'),('410103','Д╨▄Д╦┐Е▄╨','410100'),('410104','Г╝║Е÷▌Е⌡·Ф≈▐Е▄╨','410100'),('410105','И┤▒Ф╟╢Е▄╨','410100'),('410106','Д╦┼Х║≈Е▄╨','410100'),('410108','И┌≥Е╠╠Е▄╨','410100'),('410122','Д╦╜Г┴÷Е▌©','410100'),('410181','Е╥╘Д╧┴Е╦┌','410100'),('410182','Х█╔И≤ЁЕ╦┌','410100'),('410183','Ф√╟Е╞├Е╦┌','410100'),('410184','Ф√╟И┐▒Е╦┌','410100'),('410185','Г≥╩Е╟│Е╦┌','410100'),('410201','Е╦┌Х╬√Е▄╨','410200'),('410202','И╬≥Д╨╜Е▄╨','410200'),('410203','И║╨Ф╡ЁЕ⌡·Ф≈▐Е▄╨','410200'),('410204','И╪⌠Ф╔╪Е▄╨','410200'),('410205','Е█≈Е┘ЁЕ▄╨','410200'),('410211','И┐┼Ц──Е▄╨','410200'),('410221','Ф²·Ц──Е▌©','410200'),('410222','И─ Х╝╦Е▌©','410200'),('410223','Е╟┴Ф╟▐Е▌©','410200'),('410224','Е╪─Е╟│Е▌©','410200'),('410225','Е┘╟Х─┐Е▌©','410200'),('410301','Е╦┌Х╬√Е▄╨','410300'),('410302','Х─│Е÷▌Е▄╨','410300'),('410303','Х╔©Е╥╔Е▄╨','410300'),('410304','Е╩⌡Ф╡ЁЕ⌡·Ф≈▐Е▄╨','410300'),('410305','Ф╤╖Х╔©Е▄╨','410300'),('410306','Е░┴Е┬╘Е▄╨','410300'),('410307','Ф╢⌡И╬≥Е▄╨','410300'),('410322','Е╜÷Ф╢╔Е▌©','410300'),('410323','Ф√╟Е╝┴Е▌©','410300'),('410324','Ф═╬Е╥²Е▌©','410300'),('410325','Е╣╘Ц──Е▌©','410300'),('410326','Ф╠²И≤ЁЕ▌©','410300'),('410327','Е╝°И≤ЁЕ▌©','410300'),('410328','Ф╢⌡Е╝│Е▌©','410300'),('410329','Д╪┼Е╥²Е▌©','410300'),('410381','Е│┐Е╦┬Е╦┌','410300'),('410401','Е╦┌Х╬√Е▄╨','410400'),('410402','Ф√╟Е█▌Е▄╨','410400'),('410403','Е█╚Д╦°Е▄╨','410400'),('410404','Г÷ЁИ╬≥Е▄╨','410400'),('410411','Ф╧⌡Ф╡ЁЕ▄╨','410400'),('410421','Е╝²Д╦╟Е▌©','410400'),('410422','Е▐╤Ц──Е▌©','410400'),('410423','И╡│Е╠╠Е▌©','410400'),('410425','И┐▐Ц──Е▌©','410400'),('410481','Х┬·И▓╒Е╦┌','410400'),('410482','Ф╠²Е╥·Е╦┌','410400'),('410501','Е╦┌Х╬√Е▄╨','410500'),('410502','Ф√┤ЕЁ╟Е▄╨','410500'),('410503','Е▄≈Е┘ЁЕ▄╨','410500'),('410505','Ф╝╥И┐╫Е▄╨','410500'),('410506','И╬≥Е╝┴Е▄╨','410500'),('410522','Е╝┴И≤ЁЕ▌©','410500'),('410523','Ф╠╓И≤╢Е▌©','410500'),('410526','Ф╩▒Ц──Е▌©','410500'),('410527','Е├┘И╩└Е▌©','410500'),('410581','Ф·≈Е╥·Е╦┌','410500'),('410601','Е╦┌Х╬√Е▄╨','410600'),('410602','И╧╓Е╠╠Е▄╨','410600'),('410603','Е╠╠Е÷▌Е▄╨','410600'),('410611','Ф╥┤Ф╩╗Е▄╨','410600'),('410621','Ф╣ Ц──Е▌©','410600'),('410622','Ф╥┤Ц──Е▌©','410600'),('410701','Е╦┌Х╬√Е▄╨','410700'),('410702','Г╨╒Ф≈≈Е▄╨','410700'),('410703','Е█╚Ф╩╗Е▄╨','410700'),('410704','Е┤╓ФЁ┴Е▄╨','410700'),('410711','Г┴╖И┤▌Е▄╨','410700'),('410721','Ф√╟Д╧║Е▌©','410700'),('410724','Х▌╥Е≤┴Е▌©','410700'),('410725','Е▌÷И≤ЁЕ▌©','410700'),('410726','Е╩╤Ф╢╔Е▌©','410700'),('410727','Е╟│Д╦≤Е▌©','410700'),('410728','И∙©Е·ёЕ▌©','410700'),('410781','Е█╚Х╬┴Е╦┌','410700'),('410782','Х╬┴Е▌©Е╦┌','410700'),('410801','Е╦┌Х╬√Е▄╨','410800'),('410802','Х╖ёФ■╬Е▄╨','410800'),('410803','Д╦╜Г╚≥Е▄╨','410800'),('410804','И╘╛Ф²▒Е▄╨','410800'),('410811','Е╠╠И≤ЁЕ▄╨','410800'),('410821','Д©╝Ф╜╕Е▌©','410800'),('410822','Е█ Г┬╠Е▌©','410800'),('410823','Ф╜╕И≥÷Е▌©','410800'),('410825','Ф╦╘Ц──Е▌©','410800'),('410881','Ф╣▌Ф╨░Е╦┌','410800'),('410882','Ф╡│И≤ЁЕ╦┌','410800'),('410883','Е╜÷Е╥·Е╦┌','410800'),('410901','Е╦┌Х╬√Е▄╨','410900'),('410902','Е█▌И╬≥Е▄╨','410900'),('410922','Ф╦┘Д╦╟Е▌©','410900'),('410923','Е█≈Д╧░Е▌©','410900'),('410926','Х▄┐Ц──Е▌©','410900'),('410927','Е▐╟Е┴█Е▌©','410900'),('410928','Ф©╝И≤ЁЕ▌©','410900'),('411001','Е╦┌Х╬√Е▄╨','411000'),('411002','И╜▐И┐╫Е▄╨','411000'),('411023','Х╝╦Ф≤▄Е▌©','411000'),('411024','И└╒И≥╣Е▌©','411000'),('411025','Х╔└Е÷▌Е▌©','411000'),('411081','Г╕╧Е╥·Е╦┌','411000'),('411082','И∙©Х▒⌡Е╦┌','411000'),('411101','Е╦┌Х╬√Е▄╨','411100'),('411102','Ф╨░Ф╠┤Е▄╨','411100'),('411103','И┐╬Е÷▌Е▄╨','411100'),('411104','Е▐╛И≥╣Е▄╨','411100'),('411121','Х┬·И≤ЁЕ▌©','411100'),('411122','Д╦╢И╒█Е▌©','411100'),('411201','Е╦┌Х╬√Е▄╨','411200'),('411202','Ф╧√Ф╩╗Е▄╨','411200'),('411221','Ф╦▒Ф╠═Е▌©','411200'),('411222','И≥∙Ц──Е▌©','411200'),('411224','Е█╒Ф╟▐Е▌©','411200'),('411281','Д╧┴И╘╛Е╦┌','411200'),('411282','Г│╣Е╝²Е╦┌','411200'),('411301','Е╦┌Х╬√Е▄╨','411300'),('411302','Е╝⌡Е÷▌Е▄╨','411300'),('411303','Е█╖И╬≥Е▄╨','411300'),('411321','Е█≈Е▐╛Е▌©','411300'),('411322','Ф√╧Е÷▌Е▌©','411300'),('411323','Х╔©ЕЁ║Е▌©','411300'),('411324','И∙┤Е╧ЁЕ▌©','411300'),('411325','Е├┘Д╧║Е▌©','411300'),('411326','Ф╥┘Е╥²Е▌©','411300'),('411327','Г╓╬Ф≈≈Е▌©','411300'),('411328','Е■░Ф╡ЁЕ▌©','411300'),('411329','Ф√╟И┤▌Е▌©','411300'),('411330','Ф║░Ф÷▐Е▌©','411300'),('411381','И┌⌠Е╥·Е╦┌','411300'),('411401','Е╦┌Х╬√Е▄╨','411400'),('411402','Ф╒│Е⌡╜Е▄╨','411400'),('411403','Г²╒И≤ЁЕ▄╨','411400'),('411421','Ф╟▒Ф²┐Е▌©','411400'),('411422','Г²╒Ц──Е▌©','411400'),('411423','Е╝│И≥╣Е▌©','411400'),('411424','Ф÷≤Е÷▌Е▌©','411400'),('411425','Х≥·Е÷▌Е▌©','411400'),('411426','Е╓▐И┌▒Е▌©','411400'),('411481','Ф╟╦Е÷▌Е╦┌','411400'),('411501','Е╦┌Х╬√Е▄╨','411500'),('411502','Е╦┬Ф╡ЁЕ▄╨','411500'),('411503','Е╧ЁФ║╔Е▄╨','411500'),('411521','Г╫≈Е╠╠Е▌©','411500'),('411522','Е┘┴Е╠╠Е▌©','411500'),('411523','Ф√╟Ц──Е▌©','411500'),('411524','Е∙├Е÷▌Е▌©','411500'),('411525','Е⌡╨Е╖▀Е▌©','411500'),('411526','Ф╫╒Е╥²Е▌©','411500'),('411527','Ф╥╝Ф╩╗Е▌©','411500'),('411528','Ф│╞Ц──Е▌©','411500'),('411601','Е╦┌Х╬√Е▄╨','411600'),('411602','Е╥²Ф╠┤Е▄╨','411600'),('411621','Ф┴╤Ф╡÷Е▌©','411600'),('411622','Х╔©Е█▌Е▌©','411600'),('411623','Е∙├Ф╟╢Е▌©','411600'),('411624','Ф╡┬Д╦≤Е▌©','411600'),('411625','И┐╦Е÷▌Е▌©','411600'),('411626','Ф╥╝И≤ЁЕ▌©','411600'),('411627','Е╓╙Е╨╥Е▌©','411600'),('411628','И╧©И┌▒Е▌©','411600'),('411681','И║╧Е÷▌Е╦┌','411600'),('411701','Е╦┌Х╬√Е▄╨','411700'),('411702','И╘©Е÷▌Е▄╨','411700'),('411721','Х╔©Е╧ЁЕ▌©','411700'),('411722','Д╦┼Х■║Е▌©','411700'),('411723','Е╧ЁХ┬├Е▌©','411700'),('411724','Ф╜ёИ≤ЁЕ▌©','411700'),('411725','Г║╝Е╠╠Е▌©','411700'),('411726','ФЁ▄И≤ЁЕ▌©','411700'),('411727','Ф╠²Е█≈Е▌©','411700'),('411728','И│┌Е╧ЁЕ▌©','411700'),('411729','Ф√╟Х■║Е▌©','411700'),('420101','Е╦┌Х╬√Е▄╨','420100'),('420102','Ф╠÷Е╡╦Е▄╨','420100'),('420103','Ф╠÷Ф╠┴Е▄╨','420100'),('420104','Д╧■Е▐ёЕ▄╨','420100'),('420105','Ф╠┴И≤ЁЕ▄╨','420100'),('420106','Ф╜╕Ф≤▄Е▄╨','420100'),('420107','И²▓Е╠╠Е▄╨','420100'),('420111','Ф╢╙Е╠╠Е▄╨','420100'),('420112','Д╦°Х╔©Ф╧√Е▄╨','420100'),('420113','Ф╠┴Е█≈Е▄╨','420100'),('420114','Х■║Г■╦Е▄╨','420100'),('420115','Ф╠÷Е╓▐Е▄╨','420100'),('420116','И╩└И≥┌Е▄╨','420100'),('420117','Ф√╟Ф╢╡Е▄╨','420100'),('420201','Е╦┌Х╬√Е▄╨','420200'),('420202','И╩└Г÷ЁФ╦╞Е▄╨','420200'),('420203','Х╔©Е║·Е╠╠Е▄╨','420200'),('420204','Д╦▀И≥├Е▄╨','420200'),('420205','И⌠│Е╠╠Е▄╨','420200'),('420222','И≤ЁФ√╟Е▌©','420200'),('420281','Е╓╖Е├╤Е╦┌','420200'),('420301','Е╦┌Х╬√Е▄╨','420300'),('420302','Х▄┘Г╝╜Е▄╨','420300'),('420303','Е╪═Ф╧╬Е▄╨','420300'),('420321','И┐╖Ц──Е▌©','420300'),('420322','И┐╖Х╔©Е▌©','420300'),('420323','Г╚╧Е╠╠Е▌©','420300'),('420324','Г╚╧Ф╨╙Е▌©','420300'),('420325','Ф┬©Ц──Е▌©','420300'),('420381','Д╦╧Ф╠÷Е▐ёЕ╦┌','420300'),('420501','Е╦┌Х╬√Е▄╨','420500'),('420502','Х╔©И≥╣Е▄╨','420500'),('420503','Д╪█Е╝╤Е╡≈Е▄╨','420500'),('420504','Г┌╧Е├⌡Е▄╨','420500'),('420505','Г▄┤Д╨╜Е▄╨','420500'),('420506','Е╓╥И≥╣Е▄╨','420500'),('420525','Х©°Е╝┴Е▌©','420500'),('420526','Е┘╢Е╠╠Е▌©','420500'),('420527','Г╖╜Е╫▓Е▌©','420500'),('420528','И∙©И≤ЁЕ°÷Е╝╤Ф≈▐Х┤╙Ф╡╩Е▌©','420500'),('420529','Д╨■ЕЁ╟Е°÷Е╝╤Ф≈▐Х┤╙Ф╡╩Е▌©','420500'),('420581','Е╝°И┐╫Е╦┌','420500'),('420582','Е╫⌠И≤ЁЕ╦┌','420500'),('420583','Ф·²Ф╠÷Е╦┌','420500'),('420601','Е╦┌Х╬√Е▄╨','420600'),('420602','Х╔└Е÷▌Е▄╨','420600'),('420606','Ф╗┼Е÷▌Е▄╨','420600'),('420607','Х╔└И≤ЁЕ▄╨','420600'),('420624','Е█≈Ф╪ЁЕ▌©','420600'),('420625','Х╟╥Е÷▌Е▌©','420600'),('420626','Д©²Е╨╥Е▌©','420600'),('420682','Х─│Ф╡ЁЕ▐ёЕ╦┌','420600'),('420683','Ф·ёИ≤ЁЕ╦┌','420600'),('420684','Е╝°Е÷▌Е╦┌','420600'),('420701','Е╦┌Х╬√Е▄╨','420700'),('420702','Ф╒│Е╜░Ф╧√Е▄╨','420700'),('420703','Е█▌Е╝╧Е▄╨','420700'),('420704','И└┌Е÷▌Е▄╨','420700'),('420801','Е╦┌Х╬√Е▄╨','420800'),('420802','Д╦°Е╝²Е▄╨','420800'),('420804','Ф▌┤Е┬─Е▄╨','420800'),('420821','Д╨╛Е╠╠Е▌©','420800'),('420822','Ф╡≥Ф╢▀Е▌©','420800'),('420881','И▓÷Г╔╔Е╦┌','420800'),('420901','Е╦┌Х╬√Е▄╨','420900'),('420902','Е╜²Е█≈Е▄╨','420900'),('420921','Е╜²Ф≤▄Е▌©','420900'),('420922','Е╓╖Ф┌÷Е▌©','420900'),('420923','Д╨▒Ф╒╕Е▌©','420900'),('420981','Е╨■Е÷▌Е╦┌','420900'),('420982','Е╝┴И≥├Е╦┌','420900'),('420984','Ф╠┴Е╥²Е╦┌','420900'),('421001','Е╦┌Х╬√Е▄╨','421000'),('421002','Ф╡≥Е╦┌Е▄╨','421000'),('421003','Х█├Е╥·Е▄╨','421000'),('421022','Е┘╛Е╝┴Е▌©','421000'),('421023','Г⌡▒Е┬╘Е▌©','421000'),('421024','Ф╠÷И≥╣Е▌©','421000'),('421081','Г÷ЁИ╕√Е╦┌','421000'),('421083','Ф╢╙Ф╧√Е╦┌','421000'),('421087','Ф²╬Ф╩▀Е╦┌','421000'),('421101','Е╦┌Х╬√Е▄╨','421100'),('421102','И╩└Е╥·Е▄╨','421100'),('421121','Е⌡╒Иё▌Е▌©','421100'),('421122','Г╨╒Е╝┴Е▌©','421100'),('421123','Г╫≈Г■╟Е▌©','421100'),('421124','Х▀╠Е╠╠Е▌©','421100'),('421125','Ф╣═Ф╟╢Е▌©','421100'),('421126','Х∙╡Ф≤╔Е▌©','421100'),('421127','И╩└Ф╒┘Е▌©','421100'),('421181','И╨╩Е÷▌Е╦┌','421100'),('421182','Ф╜╕Г╘╢Е╦┌','421100'),('421201','Е╦┌Х╬√Е▄╨','421200'),('421202','Е▓╦Е╝┴Е▄╨','421200'),('421221','Е≤┴И╠╪Е▌©','421200'),('421222','И─ Е÷▌Е▌©','421200'),('421223','Е╢┤И≤ЁЕ▌©','421200'),('421224','И─ Е╠╠Е▌©','421200'),('421281','Х╣╓Её│Е╦┌','421200'),('421301','Е╦┌Х╬√Е▄╨','421300'),('421302','Ф⌡╬И┐╫Е▄╨','421300'),('421381','Е╧©Ф╟╢Е╦┌','421300'),('422801','Ф│╘Ф√╫Е╦┌','422800'),('422802','Е┬╘Е╥²Е╦┌','422800'),('422822','Е╩╨Е╖▀Е▌©','422800'),('422823','Е╥╢Д╦°Е▌©','422800'),('422825','Е╝ёФ│╘Е▌©','422800'),('422826','Е▓╦Д╦╟Е▌©','422800'),('422827','Ф²╔Е┤╓Е▌©','422800'),('422828','И╧╓ЕЁ╟Е▌©','422800'),('429004','Д╩≥Ф║┐Е╦┌','429000'),('429005','Ф╫°Ф╠÷Е╦┌','429000'),('429006','Е╓╘И≈╗Е╦┌','429000'),('429021','Г╔·Е├°Ф·╤Ф·≈Е▄╨','429000'),('430101','Е╦┌Х╬√Е▄╨','430100'),('430102','Х┼≥Х⌠┴Е▄╨','430100'),('430103','Е╓╘Е©┐Е▄╨','430100'),('430104','Е╡ЁИ╨⌠Е▄╨','430100'),('430105','Е╪─Г╕▐Е▄╨','430100'),('430111','И⌡╗Х┼╠Е▄╨','430100'),('430121','И∙©Ф╡≥Е▌©','430100'),('430122','Ф°⌡Е÷▌Е▌©','430100'),('430124','Е╝│Д╧║Е▌©','430100'),('430181','Ф╣▐И≤ЁЕ╦┌','430100'),('430201','Е╦┌Х╬√Е▄╨','430200'),('430202','Х█╥Е║≤Е▄╨','430200'),('430203','Х┼╕Ф╥·Е▄╨','430200'),('430204','Г÷ЁЕЁ╟Е▄╨','430200'),('430211','Е╓╘Е┘┐Е▄╨','430200'),('430221','Ф═╙Ф╢╡Е▌©','430200'),('430223','Ф■╦Ц──Е▌©','430200'),('430224','Х▄╤И≥╣Е▌©','430200'),('430225','Г┌▌И≥╣Е▌©','430200'),('430281','И├╢И≥╣Е╦┌','430200'),('430301','Е╦┌Х╬√Е▄╨','430300'),('430302','И⌡╗Ф╧√Е▄╨','430300'),('430304','Е╡ЁЕ║≤Е▄╨','430300'),('430321','Ф╧≤Ф╫╜Е▌©','430300'),('430381','Ф╧≤Д╧║Е╦┌','430300'),('430382','И÷╤Е╠╠Е╦┌','430300'),('430401','Е╦┌Х╬√Е▄╨','430400'),('430405','Г▐═Ф≥√Е▄╨','430400'),('430406','И⌡│ЕЁ╟Е▄╨','430400'),('430407','Г÷ЁИ╪⌠Е▄╨','430400'),('430408','Х▓╦Ф╧≤Е▄╨','430400'),('430412','Е█≈Е╡ЁЕ▄╨','430400'),('430421','Х║║И≤ЁЕ▌©','430400'),('430422','Х║║Е█≈Е▌©','430400'),('430423','Х║║Е╠╠Е▌©','430400'),('430424','Х║║Д╦°Е▌©','430400'),('430426','Г╔│Д╦°Е▌©','430400'),('430481','Х─▓И≤ЁЕ╦┌','430400'),('430482','Е╦╦Е╝│Е╦┌','430400'),('430501','Е╦┌Х╬√Е▄╨','430500'),('430502','Е▐▄Ф╦┘Е▄╨','430500'),('430503','Е╓╖Г╔╔Е▄╨','430500'),('430511','Е▄≈Е║■Е▄╨','430500'),('430521','И┌╣Д╦°Е▌©','430500'),('430522','Ф√╟И┌╣Е▌©','430500'),('430523','И┌╣И≤ЁЕ▌©','430500'),('430524','И ├Е⌡·Е▌©','430500'),('430525','Ф╢·Е▐ёЕ▌©','430500'),('430527','Г╩╔Е╝│Е▌©','430500'),('430528','Ф√╟Е╝│Е▌©','430500'),('430529','Е÷▌Ф╜╔Х▀≈Ф≈▐Х┤╙Ф╡╩Е▌©','430500'),('430581','Ф╜╕Е├┬Е╦┌','430500'),('430601','Е╦┌Х╬√Е▄╨','430600'),('430602','Е╡ЁИ≤ЁФ╔╪Е▄╨','430600'),('430603','Д╨▒Ф╨╙Е▄╨','430600'),('430611','Е░⌡Е╠╠Е▄╨','430600'),('430621','Е╡ЁИ≤ЁЕ▌©','430600'),('430623','Е█▌Е╝╧Е▌©','430600'),('430624','Ф╧≤И≤╢Е▌©','430600'),('430626','Е╧ЁФ╠÷Е▌©','430600'),('430681','Ф╠╗Г╫≈Е╦┌','430600'),('430682','Д╦╢Ф╧≤Е╦┌','430600'),('430701','Е╦┌Х╬√Е▄╨','430700'),('430702','Ф╜╕И≥╣Е▄╨','430700'),('430703','И╪▌Е÷▌Е▄╨','430700'),('430721','Е╝┴Д╧║Е▌©','430700'),('430722','Ф╠┴Е╞©Е▌©','430700'),('430723','Ф╬╖Ц──Е▌©','430700'),('430724','Д╦╢Ф╬╖Е▌©','430700'),('430725','Ф║┐Ф╨░Е▌©','430700'),('430726','Г÷ЁИ≈╗Е▌©','430700'),('430781','Ф╢╔Е╦┌Е╦┌','430700'),('430801','Е╦┌Х╬√Е▄╨','430800'),('430802','Ф╟╦Е╝ Е▄╨','430800'),('430811','Ф╜╕И≥╣Ф╨░Е▄╨','430800'),('430821','Ф┘┬Е┬╘Е▌©','430800'),('430822','Ф║▒Ф╓█Е▌©','430800'),('430901','Е╦┌Х╬√Е▄╨','430900'),('430902','Х╣└И≤ЁЕ▄╨','430900'),('430903','Х╣╚Е╠╠Е▄╨','430900'),('430921','Е█≈Ц──Е▌©','430900'),('430922','Ф║┐Ф╠÷Е▌©','430900'),('430923','Е╝┴Е▄√Е▌©','430900'),('430981','Ф╡┘Ф╠÷Е╦┌','430900'),('431001','Е╦┌Х╬√Е▄╨','431000'),('431002','Е▄≈Ф╧√Е▄╨','431000'),('431003','Х▀▐Д╩≥Е▄╨','431000'),('431021','Ф║┌И≤ЁЕ▌©','431000'),('431022','Е╝°Г╚═Е▌©','431000'),('431023','Ф╟╦Е┘╢Е▌©','431000'),('431024','Е≤┴Г╕╬Е▌©','431000'),('431025','Д╦╢Ф╜╕Е▌©','431000'),('431026','Ф╠²Е÷▌Е▌©','431000'),('431027','Ф║┌Д╦°Е▌©','431000'),('431028','Е╝┴Д╩│Е▌©','431000'),('431081','Х╣└Е┘╢Е╦┌','431000'),('431101','Е╦┌Х╬√Е▄╨','431100'),('431102','Х┼²Е╠╠Е▄╨','431100'),('431103','Е├╥Ф╟╢Ф╩╘Е▄╨','431100'),('431121','Г╔│И≤ЁЕ▌©','431100'),('431122','Д╦°Е╝┴Е▌©','431100'),('431123','Е▐▄Г┴▄Е▌©','431100'),('431124','И│⌠Ц──Е▌©','431100'),('431125','Ф╠÷Ф╟╦Е▌©','431100'),('431126','Е╝│Х©°Е▌©','431100'),('431127','Х⌠²Е╠╠Е▌©','431100'),('431128','Ф√╟Г■╟Е▌©','431100'),('431129','Ф╠÷Е█▌Г▒╤Ф≈▐Х┤╙Ф╡╩Е▌©','431100'),('431201','Е╦┌Х╬√Е▄╨','431200'),('431202','И╧╓Е÷▌Е▄╨','431200'),('431221','Д╦╜Ф√╧Е▌©','431200'),('431222','Ф╡┘И≥╣Е▌©','431200'),('431223','Х╬╟Ф╨╙Е▌©','431200'),('431224','Ф╨├Ф╣╕Е▌©','431200'),('431225','Д╪ Е░▄Е▌©','431200'),('431226','И╨╩И≤ЁХ▀≈Ф≈▐Х┤╙Ф╡╩Е▌©','431200'),('431227','Ф√╟Ф≥┐Д╬≈Ф≈▐Х┤╙Ф╡╩Е▌©','431200'),('431228','Х┼╥Ф╠÷Д╬≈Ф≈▐Х┤╙Ф╡╩Е▌©','431200'),('431229','И²√Е╥·Х▀≈Ф≈▐Д╬≈Ф≈▐Х┤╙Ф╡╩Е▌©','431200'),('431230','И─ И│⌠Д╬≈Ф≈▐Х┤╙Ф╡╩Е▌©','431200'),('431281','Ф╢╙Ф╠÷Е╦┌','431200'),('431301','Е╦┌Х╬√Е▄╨','431300'),('431302','Е╗└Ф≤÷Е▄╨','431300'),('431321','Е▐▄ЕЁ╟Е▌©','431300'),('431322','Ф√╟Е▄√Е▌©','431300'),('431381','Е├╥Ф╟╢Ф╠÷Е╦┌','431300'),('431382','Ф╤÷Ф╨░Е╦┌','431300'),('433101','Е░┴И╕√Е╦┌','433100'),('433122','ФЁ╦Ф╨╙Е▌©','433100'),('433123','Е┤╓Е┤╟Е▌©','433100'),('433124','Х┼╠Е·ёЕ▌©','433100'),('433125','Д©²И²√Е▌©','433100'),('433126','Е▐╓Д╦┬Е▌©','433100'),('433127','Ф╟╦И║╨Е▌©','433100'),('433130','И╬≥Е╠╠Е▌©','433100'),('440101','Е╦┌Х╬√Е▄╨','440100'),('440102','Д╦°Е╠╠Е▄╨','440100'),('440103','Х█■Ф╧╬Е▄╨','440100'),('440104','Х╤┼Г╖─Е▄╨','440100'),('440105','Ф╣╥Г▐═Е▄╨','440100'),('440106','Е╓╘Ф╡ЁЕ▄╨','440100'),('440107','Х┼ЁФ²▒Е▄╨','440100'),('440111','Г≥╫Д╨▒Е▄╨','440100'),('440112','И╩└Е÷■Е▄╨','440100'),('440113','Г∙╙Г╕╨Е▄╨','440100'),('440114','Х┼╠И┐╫Е▄╨','440100'),('440183','Е╒·Е÷▌Е╦┌','440100'),('440184','Д╩▌Е▄√Е╦┌','440100'),('440201','Е╦┌Х╬√Е▄╨','440200'),('440203','Ф╜╕Ф╠÷Е▄╨','440200'),('440204','Ф╣┬Ф╠÷Е▄╨','440200'),('440205','Ф⌡╡Ф╠÷Е▄╨','440200'),('440222','Е╖▀Е┘╢Е▌©','440200'),('440224','Д╩│Е▄√Е▌©','440200'),('440229','Г©│Ф╨░Е▌©','440200'),('440232','Д╧ЁФ╨░Г▒╤Ф≈▐Х┤╙Ф╡╩Е▌©','440200'),('440233','Ф√╟Д╦╟Е▌©','440200'),('440281','Д╧░Ф≤▄Е╦┌','440200'),('440282','Е█≈И⌡└Е╦┌','440200'),('440301','Е╦┌Х╬√Е▄╨','440300'),('440303','Г╫≈Ф╧√Е▄╨','440300'),('440304','Г╕▐Г■╟Е▄╨','440300'),('440305','Е█≈Е╠╠Е▄╨','440300'),('440306','Е╝²Е╝┴Е▄╨','440300'),('440307','И╬≥Е╡≈Е▄╨','440300'),('440308','Г⌡░Г■╟Е▄╨','440300'),('440401','Е╦┌Х╬√Е▄╨','440400'),('440402','И╕≥Ф╢╡Е▄╨','440400'),('440403','Ф√≈И≈╗Е▄╨','440400'),('440404','И┤▒Ф╧╬Е▄╨','440400'),('440501','Е╦┌Х╬√Е▄╨','440500'),('440507','И╬≥Ф╧√Е▄╨','440500'),('440511','И┤▒Е╧ЁЕ▄╨','440500'),('440512','Ф©═Ф╠÷Е▄╨','440500'),('440513','Ф╫╝И≤ЁЕ▄╨','440500'),('440514','Ф╫╝Е█≈Е▄╨','440500'),('440515','Ф╬└Ф╣╥Е▄╨','440500'),('440523','Е█≈Ф╬ЁЕ▌©','440500'),('440601','Е╦┌Х╬√Е▄╨','440600'),('440604','Г╕┘Е÷▌Е▄╨','440600'),('440605','Е█≈Ф╣╥Е▄╨','440600'),('440606','И║╨Е╬╥Е▄╨','440600'),('440607','Д╦┴Ф╟╢Е▄╨','440600'),('440608','И╚≤Ф≤▌Е▄╨','440600'),('440701','Е╦┌Х╬√Е▄╨','440700'),('440703','Х⌠╛Ф╠÷Е▄╨','440700'),('440704','Ф╠÷Ф╣╥Е▄╨','440700'),('440705','Ф√╟Д╪ Е▄╨','440700'),('440781','Е▐╟Е╠╠Е╦┌','440700'),('440783','Е╪─Е╧ЁЕ╦┌','440700'),('440784','И╧╓Е╠╠Е╦┌','440700'),('440785','Ф│╘Е╧ЁЕ╦┌','440700'),('440801','Е╦┌Х╬√Е▄╨','440800'),('440802','Х╣╓Е²▌Е▄╨','440800'),('440803','И°·Е╠╠Е▄╨','440800'),('440804','Е²║Е╓╢Е▄╨','440800'),('440811','И╨╩Г╚═Е▄╨','440800'),('440823','И│┌Ф╨╙Е▌©','440800'),('440825','Е╬░И≈╩Е▌©','440800'),('440881','Е╩┴Ф╠÷Е╦┌','440800'),('440882','И⌡╥Е╥·Е╦┌','440800'),('440883','Е░╢Е╥²Е╦┌','440800'),('440901','Е╦┌Х╬√Е▄╨','440900'),('440902','Х▄┌Е█≈Е▄╨','440900'),('440903','Х▄┌Ф╦╞Е▄╨','440900'),('440923','Г■╣Г≥╫Е▌©','440900'),('440981','И╚≤Е╥·Е╦┌','440900'),('440982','Е▄√Е╥·Е╦┌','440900'),('440983','Д©║Е╝°Е╦┌','440900'),('441201','Е╦┌Х╬√Е▄╨','441200'),('441202','Г╚╞Е╥·Е▄╨','441200'),('441203','И╪▌Ф╧√Е▄╨','441200'),('441223','Е╧©Е╝│Е▌©','441200'),('441224','Ф──И⌡├Е▌©','441200'),('441225','Е╟│Е╪─Е▌©','441200'),('441226','Е╬╥Е╨├Е▌©','441200'),('441283','И╚≤Х╕│Е╦┌','441200'),('441284','Е⌡⌡Д╪ Е╦┌','441200'),('441301','Е╦┌Х╬√Е▄╨','441300'),('441302','Ф┐═Е÷▌Е▄╨','441300'),('441303','Ф┐═И≤ЁЕ▄╨','441300'),('441322','Е█ Г╫≈Е▌©','441300'),('441323','Ф┐═Д╦°Е▌©','441300'),('441324','И╬≥И≈╗Е▌©','441300'),('441401','Е╦┌Х╬√Е▄╨','441400'),('441402','Ф╒┘Ф╠÷Е▄╨','441400'),('441421','Ф╒┘Ц──Е▌©','441400'),('441422','Е╓╖Е÷■Е▌©','441400'),('441423','Д╦╟И║╨Е▌©','441400'),('441424','Д╨■Е█▌Е▌©','441400'),('441426','Е╧ЁХ©°Е▌©','441400'),('441427','Х∙┴Е╡╜Е▌©','441400'),('441481','Е┘╢Е╝│Е╦┌','441400'),('441501','Е╦┌Х╬√Е▄╨','441500'),('441502','Е÷▌Ц──Е▄╨','441500'),('441521','Ф╣╥Д╦╟Е▌©','441500'),('441523','И≥├Ф╡ЁЕ▌©','441500'),('441581','И≥├Д╦╟Е╦┌','441500'),('441601','Е╦┌Х╬√Е▄╨','441600'),('441602','Ф╨░Е÷▌Е▄╨','441600'),('441621','Г╢╚И┤▒Е▌©','441600'),('441622','И╬≥Е╥²Е▌©','441600'),('441623','Х©·Е╧ЁЕ▌©','441600'),('441624','Е▓▄Е╧ЁЕ▌©','441600'),('441625','Д╦°Ф╨░Е▌©','441600'),('441701','Е╦┌Х╬√Е▄╨','441700'),('441702','Ф╠÷Е÷▌Е▄╨','441700'),('441721','И≤ЁХ╔©Е▌©','441700'),('441723','И≤ЁД╦°Е▌©','441700'),('441781','И≤ЁФ≤╔Е╦┌','441700'),('441801','Е╦┌Х╬√Е▄╨','441800'),('441802','Ф╦┘Е÷▌Е▄╨','441800'),('441821','Д╫⌡Е├┬Е▌©','441800'),('441823','И≤ЁЕ╠╠Е▌©','441800'),('441825','Х©·Е╠╠Её╝Ф≈▐Г▒╤Ф≈▐Х┤╙Ф╡╩Е▌©','441800'),('441826','Х©·Е█≈Г▒╤Ф≈▐Х┤╙Ф╡╩Е▌©','441800'),('441827','Ф╦┘Ф√╟Е▌©','441800'),('441881','Х▀╠Е╬╥Е╦┌','441800'),('441882','Х©·Е╥·Е╦┌','441800'),('445101','Е╦┌Х╬√Е▄╨','445100'),('445102','Ф╧≤Ф║╔Е▄╨','445100'),('445121','Ф╫╝Е╝┴Е▌©','445100'),('445122','И╔╤Е╧ЁЕ▌©','445100'),('445201','Е╦┌Х╬√Е▄╨','445200'),('445202','Ф╕∙Е÷▌Е▄╨','445200'),('445221','Ф▐╜Д╦°Е▌©','445200'),('445222','Ф▐╜Х╔©Е▌©','445200'),('445224','Ф┐═Ф²╔Е▌©','445200'),('445281','Ф≥╝Е╝│Е╦┌','445200'),('445301','Е╦┌Х╬√Е▄╨','445300'),('445302','Д╨▒Е÷▌Е▄╨','445300'),('445321','Ф√╟Е┘╢Е▌©','445300'),('445322','И┐│Е█≈Е▌©','445300'),('445323','Д╨▒Е╝┴Е▌©','445300'),('445381','Г╫≈Е╝ Е╦┌','445300'),('450101','Е╦┌Х╬√Е▄╨','450100'),('450102','Е┘╢Е╝│Е▄╨','450100'),('450103','И²▓Г╖─Е▄╨','450100'),('450105','Ф╠÷Е█≈Е▄╨','450100'),('450107','Х╔©Д╧║Е║≤Е▄╨','450100'),('450108','Х┴╞Е╨├Е▄╨','450100'),('450109','И┌∙Е╝│Е▄╨','450100'),('450122','Ф╜╕И╦ёЕ▌©','450100'),('450123','И ├Е╝┴Е▌©','450100'),('450124','И╘╛Е╠╠Е▌©','450100'),('450125','Д╦┼Ф·≈Е▌©','450100'),('450126','Е╝╬И≤ЁЕ▌©','450100'),('450127','Ф╗╙Ц──Е▌©','450100'),('450201','Е╦┌Х╬√Е▄╨','450200'),('450202','Е÷▌Д╦╜Е▄╨','450200'),('450203','И╠╪ЕЁ╟Е▄╨','450200'),('450204','Ф÷ЁЕ█≈Е▄╨','450200'),('450205','Ф÷ЁЕ▄≈Е▄╨','450200'),('450221','Ф÷ЁФ╠÷Е▌©','450200'),('450222','Ф÷ЁЕ÷▌Е▌©','450200'),('450223','И╧©Е╞╗Е▌©','450200'),('450224','Х·█Е╝┴Е▌©','450200'),('450225','Х·█Ф╟╢Х▀≈Ф≈▐Х┤╙Ф╡╩Е▌©','450200'),('450226','Д╦┴Ф╠÷Д╬≈Ф≈▐Х┤╙Ф╡╩Е▌©','450200'),('450301','Е╦┌Х╬√Е▄╨','450300'),('450302','Г╖─ЕЁ╟Е▄╨','450300'),('450303','Е▐═Е╫╘Е▄╨','450300'),('450304','Х╠║Е╠╠Е▄╨','450300'),('450305','Д╦┐Ф≤÷Е▄╨','450300'),('450311','И⌡│Е╠╠Е▄╨','450300'),('450321','И≤ЁФ°■Е▌©','450300'),('450322','Д╦╢Ф║┌Е▌©','450300'),('450323','Г│╣Е╥²Е▌©','450300'),('450324','Е┘╗Е╥·Е▌©','450300'),('450325','Е┘╢Е╝┴Е▌©','450300'),('450326','Ф╟╦Г╕▐Е▌©','450300'),('450327','Г│▄И≤ЁЕ▌©','450300'),('450328','И╬≥Х┐°Е░└Ф≈▐Х┤╙Ф╡╩Е▌©','450300'),('450329','Х╣└Ф╨░Е▌©','450300'),('450330','Е╧ЁД╧░Е▌©','450300'),('450331','Х█■Х▓╡Е▌©','450300'),('450332','Ф│╜Е÷▌Г▒╤Ф≈▐Х┤╙Ф╡╩Е▌©','450300'),('450401','Е╦┌Х╬√Е▄╨','450400'),('450403','Д╦┤Г╖─Е▄╨','450400'),('450404','Х²╤Е╠╠Е▄╨','450400'),('450405','И∙©Ф╢╡Е▄╨','450400'),('450421','Х▀█Ф╒╖Е▌©','450400'),('450422','Х≈╓Ц──Е▌©','450400'),('450423','Х▓≥Е╠╠Е▌©','450400'),('450481','Е╡▒Ф╨╙Е╦┌','450400'),('450501','Е╦┌Х╬√Е▄╨','450500'),('450502','Ф╣╥Е÷▌Е▄╨','450500'),('450503','И⌠╤Ф╣╥Е▄╨','450500'),('450512','И⌠│Е╠╠Ф╦╞Е▄╨','450500'),('450521','Е░┬Ф╣╕Е▌©','450500'),('450601','Е╦┌Х╬√Е▄╨','450600'),('450602','Ф╦╞Е▐ёЕ▄╨','450600'),('450603','И≤╡Е÷▌Е▄╨','450600'),('450621','Д╦┼Ф─²Е▌©','450600'),('450681','Д╦°Е┘╢Е╦┌','450600'),('450701','Е╦┌Х╬√Е▄╨','450700'),('450702','И▓╕Е█≈Е▄╨','450700'),('450703','И▓╕Е▄≈Е▄╨','450700'),('450721','Г│╣Е╠╠Е▌©','450700'),('450722','Ф╣╕Е▄≈Е▌©','450700'),('450801','Е╦┌Х╬√Е▄╨','450800'),('450802','Ф╦╞Е▄≈Е▄╨','450800'),('450803','Ф╦╞Е█≈Е▄╨','450800'),('450804','Х╕┐Е║≤Е▄╨','450800'),('450821','Е╧ЁЕ█≈Е▌©','450800'),('450881','Ф║┌Е╧ЁЕ╦┌','450800'),('450901','Е╦┌Х╬√Е▄╨','450900'),('450902','Г▌┴Е╥·Е▄╨','450900'),('450921','Е╝╧Ц──Е▌©','450900'),('450922','И≥├Е╥²Е▌©','450900'),('450923','Е█ Г≥╫Е▌©','450900'),('450924','Е┘╢Д╦ Е▌©','450900'),('450981','Е▄≈Ф╣│Е╦┌','450900'),('451001','Е╦┌Х╬√Е▄╨','451000'),('451002','Е▐ЁФ╠÷Е▄╨','451000'),('451021','Г■╟И≤ЁЕ▌©','451000'),('451022','Г■╟Д╦°Е▌©','451000'),('451023','Е╧ЁФ·°Е▌©','451000'),('451024','Е╬╥Д©²Е▌©','451000'),('451025','И²√Х╔©Е▌©','451000'),('451026','И┌ёЕ²║Е▌©','451000'),('451027','Е┤▄Д╨▒Е▌©','451000'),('451028','Д╧░Д╦ Е▌©','451000'),('451029','Г■╟Ф·≈Е▌©','451000'),('451030','Х╔©Ф·≈Е▌©','451000'),('451031','И ├Ф·≈Е░└Ф≈▐Х┤╙Ф╡╩Е▌©','451000'),('451101','Е╦┌Х╬√Е▄╨','451100'),('451102','Е┘╚Ф╜╔Е▄╨','451100'),('451121','Ф≤╜Е╧ЁЕ▌©','451100'),('451122','И▓÷Е╠╠Е▌©','451100'),('451123','Е╞▄Е╥²Г▒╤Ф≈▐Х┤╙Ф╡╩Е▌©','451100'),('451201','Е╦┌Х╬√Е▄╨','451200'),('451202','И┤▒Е÷▌Ф╠÷Е▄╨','451200'),('451221','Е█≈Д╦╧Е▌©','451200'),('451222','Е╓╘ЕЁ╗Е▌©','451200'),('451223','Е┤╓Е╠╠Е▌©','451200'),('451224','Д╦°Е┘╟Е▌©','451200'),('451225','Г╫≈Е÷▌Д╩╚Д╫╛Ф≈▐Х┤╙Ф╡╩Е▌©','451200'),('451226','Г▌╞Ф╠÷Ф╞⌡Е█≈Ф≈▐Х┤╙Ф╡╩Е▌©','451200'),('451227','Е╥╢И╘╛Г▒╤Ф≈▐Х┤╙Ф╡╩Е▌©','451200'),('451228','И┐╫Е╝┴Г▒╤Ф≈▐Х┤╙Ф╡╩Е▌©','451200'),('451229','Е╓╖Е▄√Г▒╤Ф≈▐Х┤╙Ф╡╩Е▌©','451200'),('451281','Е╝°Е╥·Е╦┌','451200'),('451301','Е╦┌Х╬√Е▄╨','451300'),('451302','Е┘╢Е╝╬Е▄╨','451300'),('451321','Е©╩Е÷▌Е▌©','451300'),('451322','Х╠║Е╥·Е▌©','451300'),('451323','Ф╜╕Е╝ёЕ▌©','451300'),('451324','И┤▒Г╖─Г▒╤Ф≈▐Х┤╙Ф╡╩Е▌©','451300'),('451381','Е░┬Е╠╠Е╦┌','451300'),('451401','Е╦┌Х╬√Е▄╨','451400'),('451402','Ф╠÷Ф╢╡Е▄╨','451400'),('451421','Ф┴╤Г╩╔Е▌©','451400'),('451422','Е╝│Ф≤▌Е▌©','451400'),('451423','И╬≥Е╥·Е▌©','451400'),('451424','Е╓╖Ф√╟Е▌©','451400'),('451425','Е╓╘Г╜┴Е▌©','451400'),('451481','Е┤╜Г╔╔Е╦┌','451400'),('460101','Е╦┌Х╬√Е▄╨','460100'),('460105','Г╖─Х▀╠Е▄╨','460100'),('460106','И╬≥Е█▌Е▄╨','460100'),('460107','Г░╪Е╠╠Е▄╨','460100'),('460108','Г╬▌Е┘╟Е▄╨','460100'),('460201','Е╦┌Х╬√Е▄╨','460200'),('469001','Д╨■Ф▄┤Е╠╠Е╦┌','469000'),('469002','Г░╪Ф╣╥Е╦┌','469000'),('469003','Е└▀Е╥·Е╦┌','469000'),('469005','Ф√┤Ф≤▄Е╦┌','469000'),('469006','Д╦┤Е╝│Е╦┌','469000'),('469007','Д╦°Ф√╧Е╦┌','469000'),('469025','Е╝ Е╝┴Е▌©','469000'),('469026','Е╠╞Ф≤▄Е▌©','469000'),('469027','Ф╬└Х©┬Е▌©','469000'),('469028','Д╦╢И╚≤Е▌©','469000'),('469030','Г≥╫Ф╡≥И╩▌Ф≈▐Х┤╙Ф╡╩Е▌©','469000'),('469031','Ф≤▄Ф╠÷И╩▌Ф≈▐Х┤╙Ф╡╩Е▌©','469000'),('469033','Д╧░Д╦°И╩▌Ф≈▐Х┤╙Ф╡╩Е▌©','469000'),('469034','И≥╣Ф╟╢И╩▌Ф≈▐Х┤╙Ф╡╩Е▌©','469000'),('469035','Д©²Д╨╜И╩▌Ф≈▐Х▀≈Ф≈▐Х┤╙Ф╡╩Е▌©','469000'),('469036','Г░╪Д╦╜И╩▌Ф≈▐Х▀≈Ф≈▐Х┤╙Ф╡╩Е▌©','469000'),('469037','Х╔©Ф╡≥Г╬╓Е╡⌡','469000'),('469038','Е█≈Ф╡≥Г╬╓Е╡⌡','469000'),('469039','Д╦╜Ф╡≥Г╬╓Е╡⌡Г └Е╡⌡Г╓│Е▐┼Е┘╤Ф╣╥Е÷÷','469000'),('500101','Д╦┤Е╥·Е▄╨','500100'),('500102','Ф╤╙И≥╣Е▄╨','500100'),('500103','Ф╦²Д╦╜Е▄╨','500100'),('500104','Е╓╖Ф╦║Е▐ёЕ▄╨','500100'),('500105','Ф╠÷Е▄≈Е▄╨','500100'),('500106','Ф╡≥Е²╙Е²²Е▄╨','500100'),('500107','Д╧²И╬≥Е²║Е▄╨','500100'),('500108','Е█≈Е╡╦Е▄╨','500100'),('500109','Е▄≈Г╒ Е▄╨','500100'),('500110','Д╦┤Г⌡⌡Е▄╨','500100'),('500111','Е▐▄Ф║╔Е▄╨','500100'),('500112','Ф╦²Е▄≈Е▄╨','500100'),('500113','Е╥╢Е█≈Е▄╨','500100'),('500114','И╩■Ф╠÷Е▄╨','500100'),('500115','И∙©Е╞©Е▄╨','500100'),('500222','Г╤╕Ф╠÷Е▌©','500200'),('500223','Ф╫╪Е█≈Е▌©','500200'),('500224','И⌠°Ф╒│Е▌©','500200'),('500225','Е╓╖Х╤ЁЕ▌©','500200'),('500226','Х█ёФ≤▄Е▌©','500200'),('500227','Г▓╖Е╠╠Е▌©','500200'),('500228','Ф╒│Е╧ЁЕ▌©','500200'),('500229','Е÷▌Е▐ёЕ▌©','500200'),('500230','Д╦╟И┐╫Е▌©','500200'),('500231','Е·╚Ф╠÷Е▌©','500200'),('500232','Ф╜╕И ├Е▌©','500200'),('500233','Е©═Ц──Е▌©','500200'),('500234','Е╪─Ц──Е▌©','500200'),('500235','Д╨▒И≤ЁЕ▌©','500200'),('500236','Е╔┴Х┼┌Е▌©','500200'),('500237','Е╥╚Е╠╠Е▌©','500200'),('500238','Е╥╚Ф╨╙Е▌©','500200'),('500240','Г÷ЁФ÷╠Е°÷Е╝╤Ф≈▐Х┤╙Ф╡╩Е▌©','500200'),('500241','Г╖─Е╠╠Е°÷Е╝╤Ф≈▐Х▀≈Ф≈▐Х┤╙Ф╡╩Е▌©','500200'),('500242','И┘┴И≤ЁЕ°÷Е╝╤Ф≈▐Х▀≈Ф≈▐Х┤╙Ф╡╩Е▌©','500200'),('500243','Е╫╜Ф╟╢Х▀≈Ф≈▐Е°÷Е╝╤Ф≈▐Х┤╙Ф╡╩Е▌©','500200'),('500381','Ф╠÷Ф╢╔Е╦┌','500300'),('500382','Е░┬Е╥²Е╦┌','500300'),('500383','Ф╟╦Е╥²Е╦┌','500300'),('500384','Е█≈Е╥²Е╦┌','500300'),('510101','Е╦┌Х╬√Е▄╨','510100'),('510104','И■╕Ф╠÷Е▄╨','510100'),('510105','И²▓Г╬┼Е▄╨','510100'),('510106','И┤▒Г┴⌡Е▄╨','510100'),('510107','Ф╜╕Д╬╞Е▄╨','510100'),('510108','Ф┬░Е█▌Е▄╨','510100'),('510112','И╬≥ФЁ┴И╘©Е▄╨','510100'),('510113','И²▓Г≥╫Ф╠÷Е▄╨','510100'),('510114','Ф√╟И┐╫Е▄╨','510100'),('510115','Ф╦╘Ф╠÷Е▌©','510100'),('510121','И┤▒Е═┌Е▌©','510100'),('510122','Е▐▄Ф╣│Е▌©','510100'),('510124','И┐╚Ц──Е▌©','510100'),('510129','Е╓╖И┌▒Е▌©','510100'),('510131','Х▓╡Ф╠÷Е▌©','510100'),('510132','Ф√╟Ф╢╔Е▌©','510100'),('510181','И┐╫Ф╠÷Е═╟Е╦┌','510100'),('510182','Е╫╜Е╥·Е╦┌','510100'),('510183','И┌⌡Е╢┐Е╦┌','510100'),('510184','Е╢┤Е╥·Е╦┌','510100'),('510301','Е╦┌Х╬√Е▄╨','510300'),('510302','Х┤╙Ф╣│Д╨∙Е▄╨','510300'),('510303','Х╢║Д╨∙Е▄╨','510300'),('510304','Е╓╖Е╝┴Е▄╨','510300'),('510311','Ф╡©Ф╩╘Е▄╨','510300'),('510321','Х█ёЦ──Е▌©','510300'),('510322','Е╞▄И║╨Е▌©','510300'),('510401','Е╦┌Х╬√Е▄╨','510400'),('510402','Д╦°Ц──Е▄╨','510400'),('510403','Х╔©Ц──Е▄╨','510400'),('510411','Д╩│Е▓▄Е▄╨','510400'),('510421','Г╠ЁФ≤⌠Е▌©','510400'),('510422','Г⌡░Х╬╧Е▌©','510400'),('510501','Е╦┌Х╬√Е▄╨','510500'),('510502','Ф╠÷И≤ЁЕ▄╨','510500'),('510503','Г╨ЁФ╨╙Е▄╨','510500'),('510504','И╬≥И╘╛Ф╫╜Е▄╨','510500'),('510521','ФЁ╦Ц──Е▌©','510500'),('510522','Е░┬Ф╠÷Е▌©','510500'),('510524','Е▐≥Ф╟╦Е▌©','510500'),('510525','Е▐╓Х■╨Е▌©','510500'),('510601','Е╦┌Х╬√Е▄╨','510600'),('510603','Ф≈▄И≤ЁЕ▄╨','510600'),('510623','Д╦╜Ф╠÷Е▌©','510600'),('510626','Г╫≈Ф╠÷Е▌©','510600'),('510681','Е╧©Ф╠┴Е╦┌','510600'),('510682','Д╩─И┌║Е╦┌','510600'),('510683','Г╩╣Г╚╧Е╦┌','510600'),('510701','Е╦┌Х╬√Е▄╨','510700'),('510703','Ф╤╙Е÷▌Е▄╨','510700'),('510704','Ф╦╦Д╩≥Е▄╨','510700'),('510722','Д╦┴Е▐╟Е▌©','510700'),('510723','Г⌡░Д╨╜Е▌©','510700'),('510724','Е╝┴Ц──Е▌©','510700'),('510725','Ф╒⌠Ф╫╪Е▌©','510700'),('510726','Е▄≈Е╥²Г╬▄Ф≈▐Х┤╙Ф╡╩Е▌©','510700'),('510727','Е╧ЁФ╜╕Е▌©','510700'),('510781','Ф╠÷Ф╡╧Е╦┌','510700'),('510801','Е╦┌Х╬√Е▄╨','510800'),('510802','Е╦┌Д╦╜Е▄╨','510800'),('510811','Е┘┐Е²²Е▄╨','510800'),('510812','Ф°²Е╓╘Е▄╨','510800'),('510821','Ф≈╨Х▀█Е▌©','510800'),('510822','И²▓Е╥²Е▌©','510800'),('510823','Е┴▒И≤│Е▌©','510800'),('510824','Х▀█Ф╨╙Е▌©','510800'),('510901','Е╦┌Х╬√Е▄╨','510900'),('510903','Х┬╧Е╠╠Е▄╨','510900'),('510904','Е╝┴Е╠┘Е▄╨','510900'),('510921','Х⌠╛Ф╨╙Е▌©','510900'),('510922','Е╟└Ф╢╙Е▌©','510900'),('510923','Е╓╖Х▀╠Е▌©','510900'),('511001','Е╦┌Х╬√Е▄╨','511000'),('511002','Е╦┌Д╦╜Е▄╨','511000'),('511011','Д╦°Е┘╢Е▄╨','511000'),('511024','Е╗│Х©°Е▌©','511000'),('511025','Х╣└Д╦╜Е▌©','511000'),('511028','И ├Ф≤▄Е▌©','511000'),('511101','Е╦┌Х╬√Е▄╨','511100'),('511102','Е╦┌Д╦╜Е▄╨','511100'),('511111','Ф╡≥Ф╧╬Е▄╨','511100'),('511112','Д╨■И─ Ф║╔Е▄╨','511100'),('511113','И┤▒Е▐ёФ╡ЁЕ▄╨','511100'),('511123','Г┼█Д╦╨Е▌©','511100'),('511124','Д╨∙Г═■Е▌©','511100'),('511126','Е╓╧Ф╠÷Е▌©','511100'),('511129','Ф╡░Е╥²Е▌©','511100'),('511132','ЕЁ╗Х╬╧Е╫²Ф≈▐Х┤╙Ф╡╩Е▌©','511100'),('511133','И╘╛Х╬╧Е╫²Ф≈▐Х┤╙Ф╡╩Е▌©','511100'),('511181','ЕЁ╗Г°┴Е╠╠Е╦┌','511100'),('511301','Е╦┌Х╬√Е▄╨','511300'),('511302','И║╨Е╨├Е▄╨','511300'),('511303','И╚≤Е²╙Е▄╨','511300'),('511304','Е≤┴И≥╣Е▄╨','511300'),('511321','Е█≈И┐╗Е▌©','511300'),('511322','Х░╔Е╠╠Е▌©','511300'),('511323','Х⌠╛Е╝┴Е▌©','511300'),('511324','Д╩╙И≥┤Е▌©','511300'),('511325','Х╔©Е┘┘Е▌©','511300'),('511381','И≤├Д╦╜Е╦┌','511300'),('511401','Е╦┌Х╬√Е▄╨','511400'),('511402','Д╦°Е²║Е▄╨','511400'),('511421','Д╩│Е╞©Е▌©','511400'),('511422','Е╫╜Е╠╠Е▌©','511400'),('511423','Ф╢╙И⌡┘Е▌©','511400'),('511424','Д╦╧Фё╠Е▌©','511400'),('511425','И²▓Г╔·Е▌©','511400'),('511501','Е╦┌Х╬√Е▄╨','511500'),('511502','Г©═Е╠▐Е▄╨','511500'),('511521','Е╝°Е╝╬Е▌©','511500'),('511522','Е█≈Ф╨╙Е▌©','511500'),('511523','Ф╠÷Е╝┴Е▌©','511500'),('511524','И∙©Е╝│Е▌©','511500'),('511525','И╚≤Ц──Е▌©','511500'),('511526','Г▐≥Ц──Е▌©','511500'),('511527','Г╜═Х©·Е▌©','511500'),('511528','Е┘╢Ф√┤Е▌©','511500'),('511529','Е╠▐Е╠╠Е▌©','511500'),('511601','Е╦┌Х╬√Е▄╨','511600'),('511602','Е╧©Е╝┴Е▄╨','511600'),('511621','Е╡ЁФ╠═Е▌©','511600'),('511622','Ф╜╕Х┐°Е▌©','511600'),('511623','И┌╩Ф╟╢Е▌©','511600'),('511681','Е█▌Х▌╧Е╦┌','511600'),('511701','Е╦┌Х╬√Е▄╨','511700'),('511702','И─ Е╥²Е▄╨','511700'),('511721','Х╬╬Ц──Е▌©','511700'),('511722','Е╝ёФ╠┴Е▌©','511700'),('511723','Е╪─Ф╠÷Е▌©','511700'),('511724','Е╓╖Г╚╧Е▌©','511700'),('511725','Ф╦═Ц──Е▌©','511700'),('511781','Д╦┤Ф╨░Е╦┌','511700'),('511801','Е╦┌Х╬√Е▄╨','511800'),('511802','И⌡╗Е÷▌Е▄╨','511800'),('511821','Е░█Е╠╠Е▌©','511800'),('511822','Х█╔Г╩▐Е▌©','511800'),('511823','Ф╠┴Ф╨░Е▌©','511800'),('511824','Г÷ЁФё┴Е▌©','511800'),('511825','Е╓╘Е┘╗Е▌©','511800'),('511826','Х┼╕Е╠╠Е▌©','511800'),('511827','Е╝²Е┘╢Е▌©','511800'),('511901','Е╦┌Х╬√Е▄╨','511900'),('511902','Е╥╢Е╥·Е▄╨','511900'),('511921','И─ Ф╠÷Е▌©','511900'),('511922','Е█≈Ф╠÷Е▌©','511900'),('511923','Е╧ЁФ≤▄Е▌©','511900'),('512001','Е╦┌Х╬√Е▄╨','512000'),('512002','И⌡│Ф╠÷Е▄╨','512000'),('512021','Е╝┴Е╡ЁЕ▌©','512000'),('512022','Д╧░Х┤ЁЕ▌©','512000'),('512081','Г╝─И≤ЁЕ╦┌','512000'),('513221','Ф╠╤Е╥²Е▌©','513200'),('513222','Г░├Ц──Е▌©','513200'),('513223','Х▄┌Ц──Е▌©','513200'),('513224','Ф²╬Ф╫≤Е▌©','513200'),('513225','Д╧²Е╞╗Ф╡÷Е▌©','513200'),('513226','И┤▒Е╥²Е▌©','513200'),('513227','Е╟▐И┤▒Е▌©','513200'),('513228','И╩▒Ф╟╢Е▌©','513200'),('513229','И╘╛Е╟■Е╨╥Е▌©','513200'),('513230','Её╓Е║≤Е▌©','513200'),('513231','И≤©Е²²Е▌©','513200'),('513232','Х▀╔Е╟■Г⌡√Е▌©','513200'),('513233','Г╨╒Е▌÷Е▌©','513200'),('513321','Е╨╥Е╝ Е▌©','513300'),('513322','ФЁ╦Е╝ Е▌©','513300'),('513323','Д╦╧Е╥╢Е▌©','513300'),('513324','Д╧²И╬≥Е▌©','513300'),('513325','И⌡┘Ф╠÷Е▌©','513300'),('513326','И│⌠Е╜ Е▌©','513300'),('513327','Г┌┴И°█Е▌©','513300'),('513328','Г■≤Е╜°Е▌©','513300'),('513329','Ф√╟И╬≥Е▌©','513300'),('513330','Е╬╥Ф═╪Е▌©','513300'),('513331','Г≥╫Г▌┴Е▌©','513300'),('513332','Г÷ЁФ╦═Е▌©','513300'),('513333','Х┴╡Х╬╬Е▌©','513300'),('513334','Г░├Е║≤Е▌©','513300'),('513335','Е╥╢Е║≤Е▌©','513300'),('513336','Д╧║Е÷▌Е▌©','513300'),('513337','Г╗╩Е÷▌Е▌©','513300'),('513338','Е╬≈Х█ёЕ▌©','513300'),('513401','Х╔©Ф≤▄Е╦┌','513400'),('513422','Ф°╗И┤▄Х≈▐Ф≈▐Х┤╙Ф╡╩Е▌©','513400'),('513423','Г⌡░Ф╨░Е▌©','513400'),('513424','Е╬╥Ф≤▄Е▌©','513400'),('513425','Д╪ Г░├Е▌©','513400'),('513426','Д╪ Д╦°Е▌©','513400'),('513427','Е╝│Е█≈Е▌©','513400'),('513428','Ф≥╝Ф═╪Е▌©','513400'),('513429','Е╦┐Ф▀√Е▌©','513400'),('513430','И┤▒И≤ЁЕ▌©','513400'),('513431','Ф≤╜Х╖┴Е▌©','513400'),('513432','Е√°Е╬╥Е▌©','513400'),('513433','Е├∙Е╝│Е▌©','513400'),('513434','Х╤┼Х╔©Е▌©','513400'),('513435','Г■≤Ф╢⌡Е▌©','513400'),('513436','Г╬▌Е╖▒Е▌©','513400'),('513437','И⌡╥ФЁ╒Е▌©','513400'),('520101','Е╦┌Х╬√Е▄╨','520100'),('520102','Е█≈Ф≤▌Е▄╨','520100'),('520103','Д╨▒Е╡╘Е▄╨','520100'),('520111','Х┼╠Ф╨╙Е▄╨','520100'),('520112','Д╧▄Е╫⌠Е▄╨','520100'),('520113','Г≥╫Д╨▒Е▄╨','520100'),('520114','Е╟▐Ф╡ЁЕ▄╨','520100'),('520121','Е╪─И≤ЁЕ▌©','520100'),('520122','Ф│╞Г┐╫Е▌©','520100'),('520123','Д©╝Ф√┤Е▌©','520100'),('520181','Ф╦┘И∙┤Е╦┌','520100'),('520201','И▓÷Е╠╠Е▄╨','520200'),('520203','Е┘╜Ф·²Г┴╧Е▄╨','520200'),('520221','Ф╟╢Е÷▌Е▌©','520200'),('520222','Г⌡≤Ц──Е▌©','520200'),('520301','Е╦┌Х╬√Е▄╨','520300'),('520302','Г╨╒Х┼╠Е╡≈Е▄╨','520300'),('520303','Ф╠┤Е╥²Е▄╨','520300'),('520321','И│╣Д╧┴Е▌©','520300'),('520322','Ф║░Ф╒⌠Е▌©','520300'),('520323','Г╩╔И≤ЁЕ▌©','520300'),('520324','Ф╜ёЕ╝┴Е▌©','520300'),('520325','И│⌠Г°÷Д╩║Д╫╛Ф≈▐Х▀≈Ф≈▐Х┤╙Ф╡╩Е▌©','520300'),('520326','Е┼║Е╥²Д╩║Д╫╛Ф≈▐Х▀≈Ф≈▐Х┤╙Ф╡╩Е▌©','520300'),('520327','Е┤╓Е├┬Е▌©','520300'),('520328','Ф╧└Ф╫╜Е▌©','520300'),('520329','Д╫≥Е╨├Е▌©','520300'),('520330','Д╧═Ф╟╢Е▌©','520300'),('520381','Х╣╓Ф╟╢Е╦┌','520300'),('520382','Д╩│Ф──Е╦┌','520300'),('520401','Е╦┌Х╬√Е▄╨','520400'),('520402','Х╔©Г╖─Е▄╨','520400'),('520421','Е╧ЁЕ²²Е▌©','520400'),('520422','Ф≥╝Е╝ Е▌©','520400'),('520423','И∙┤Е╝│Е╦┐Д╬²Ф≈▐Х▀≈Ф≈▐Х┤╙Ф╡╩Е▌©','520400'),('520424','Е┘ЁЕ╡╜Е╦┐Д╬²Ф≈▐Х▀≈Ф≈▐Х┤╙Ф╡╩Е▌©','520400'),('520425','Г╢╚Д╨▒Х▀≈Ф≈▐Е╦┐Д╬²Ф≈▐Х┤╙Ф╡╩Е▌©','520400'),('522201','И⌠°Д╩│Е╦┌','522200'),('522222','Ф╠÷Е▐ёЕ▌©','522200'),('522223','Г▌┴Е╠▐Д╬≈Ф≈▐Х┤╙Ф╡╩Е▌©','522200'),('522224','Г÷ЁИ≤║Е▌©','522200'),('522225','Ф─²Е█≈Е▌©','522200'),('522226','Е█╟Ф╠÷Е°÷Е╝╤Ф≈▐Х▀≈Ф≈▐Х┤╙Ф╡╩Е▌©','522200'),('522227','Е╬╥Ф╠÷Е▌©','522200'),('522228','Ф╡©Ф╡ЁЕ°÷Е╝╤Ф≈▐Х┤╙Ф╡╩Е▌©','522200'),('522229','Ф²╬Ф║┐Х▀≈Ф≈▐Х┤╙Ф╡╩Е▌©','522200'),('522230','Д╦┤Е╠╠Г┴╧Е▄╨','522200'),('522301','Е┘╢Д╧┴Е╦┌','522300'),('522322','Е┘╢Д╩│Е▌©','522300'),('522323','Ф≥╝Е╝┴Е▌©','522300'),('522324','Ф≥╢И ├Е▌©','522300'),('522325','Х╢·Д╦╟Е▌©','522300'),('522326','Ф°⌡Х╟÷Е▌©','522300'),('522327','Е├▄Д╨╗Е▌©','522300'),('522328','Е╝┴И╬≥Е▌©','522300'),('522401','Ф╞∙Х┼┌Е╦┌','522400'),('522422','Е╓╖Ф√╧Е▌©','522400'),('522423','И╩■Х╔©Е▌©','522400'),('522424','И┤▒Ф╡≥Е▌©','522400'),('522425','Г╩┤И┤▒Е▌©','522400'),('522426','Г╨ЁИ⌡█Е▌©','522400'),('522427','Е╗│Е╝│Е╫²Ф≈▐Е⌡·Ф≈▐Х▀≈Ф≈▐Х┤╙Ф╡╩Е▌©','522400'),('522428','Х╣╚Г╚═Е▌©','522400'),('522601','Е┤╞И┤▄Е╦┌','522600'),('522622','И╩└Е╧ЁЕ▌©','522600'),('522623','Ф√╫Г╖┴Е▌©','522600'),('522624','Д╦┴Г╘≈Е▌©','522600'),('522625','И∙┤Х©°Е▌©','522600'),('522626','Е╡▒Е╥╘Е▌©','522600'),('522627','Е╓╘Ф÷╠Е▌©','522600'),('522628','И■╕Е╠▐Е▌©','522600'),('522629','Е┴▒Ф╡ЁЕ▌©','522600'),('522630','Е▐╟Ф╠÷Е▌©','522600'),('522631','И╩▌Е╧ЁЕ▌©','522600'),('522632','Ф╕∙Ф╠÷Е▌©','522600'),('522633','Д╩▌Ф╠÷Е▌©','522600'),('522634','И⌡╥Е╠╠Е▌©','522600'),('522635','И╨╩Ф╠÷Е▌©','522600'),('522636','Д╦╧Е╞╗Е▌©','522600'),('522701','И┐╫Е▄─Е╦┌','522700'),('522702','Г╕▐ФЁ┴Е╦┌','522700'),('522722','Х█■ФЁ╒Е▌©','522700'),('522723','Х╢╣Е╝ Е▌©','522700'),('522725','Г⌠╝Е╝┴Е▌©','522700'),('522726','Г▀╛Е╠╠Е▌©','522700'),('522727','Е╧ЁЕ║≤Е▌©','522700'),('522728','Г╫≈Г■╦Е▌©','522700'),('522729','И∙©И║╨Е▌©','522700'),('522730','И╬≥И┤▄Е▌©','522700'),('522731','Ф┐═Ф╟╢Е▌©','522700'),('522732','Д╦┴И┐╫Ф╟╢Ф≈▐Х┤╙Ф╡╩Е▌©','522700'),('530101','Е╦┌Х╬√Е▄╨','530100'),('530102','Д╨■Е█▌Е▄╨','530100'),('530103','Г⌡≤И╬≥Е▄╨','530100'),('530111','Е╝≤Ф╦║Е▄╨','530100'),('530112','Х╔©Е╠╠Е▄╨','530100'),('530113','Д╦°Е╥²Е▄╨','530100'),('530121','Е▒┬Х╢║Е▌©','530100'),('530122','Ф≥▀Е╝│Е▌©','530100'),('530124','Е╞▄Ф╟▒Е▌©','530100'),('530125','Е╝°Х┴╞Е▌©','530100'),('530126','Г÷ЁФ·≈Е╫²Ф≈▐Х┤╙Ф╡╩Е▌©','530100'),('530127','Е╣╘Ф≤▌Е▌©','530100'),('530128','Г╕└Е┼²Е╫²Ф≈▐Х▀≈Ф≈▐Х┤╙Ф╡╩Е▌©','530100'),('530129','Е╞╩Г■╦Е⌡·Ф≈▐Е╫²Ф≈▐Х┤╙Ф╡╩Е▌©','530100'),('530181','Е╝┴Е╝│Е╦┌','530100'),('530301','Е╦┌Х╬√Е▄╨','530300'),('530302','И╨▓И╨÷Е▄╨','530300'),('530321','И╘╛И╬≥Е▌©','530300'),('530322','И≥├Х┴╞Е▌©','530300'),('530323','Е╦┬Е╝≈Е▌©','530300'),('530324','Г╫≈Е╧ЁЕ▌©','530300'),('530325','Е╞▄Ф╨░Е▌©','530300'),('530326','Д╪ ФЁ╫Е▌©','530300'),('530328','Ф╡╬Г⌡┼Е▌©','530300'),('530381','Е╝ёЕ╗│Е╦┌','530300'),('530401','Е╦┌Х╬√Е▄╨','530400'),('530402','Г╨╒Е║■Е▄╨','530400'),('530421','Ф╠÷Е╥²Е▌©','530400'),('530422','Ф╬└Ф╠÷Е▌©','530400'),('530423','И─ Ф╣╥Е▌©','530400'),('530424','Е█▌Е╝│Е▌©','530400'),('530425','Ф≤⌠И≈╗Е▌©','530400'),('530426','ЕЁ╗Е╠╠Е╫²Ф≈▐Х┤╙Ф╡╩Е▌©','530400'),('530427','Ф√╟Е╧ЁЕ╫²Ф≈▐Е┌ёФ≈▐Х┤╙Ф╡╩Е▌©','530400'),('530428','Е┘┐Ф╠÷Е⌠┬Е╟╪Ф≈▐Е╫²Ф≈▐Е┌ёФ≈▐Х┤╙Ф╡╩Е▌©','530400'),('530501','Е╦┌Х╬√Е▄╨','530500'),('530502','И ├И≤ЁЕ▄╨','530500'),('530521','Ф√╫Г■╦Е▌©','530500'),('530522','Х┘╬Е├╡Е▌©','530500'),('530523','И╬≥И≥╣Е▌©','530500'),('530524','Ф≤▄Е╝│Е▌©','530500'),('530601','Е╦┌Х╬√Е▄╨','530600'),('530602','Ф≤╜И≤ЁЕ▄╨','530600'),('530621','И╡│Г■╦Е▌©','530600'),('530622','Е╥╖Е╝╤Е▌©','530600'),('530623','Г⌡░Ф╢╔Е▌©','530600'),('530624','Е╓╖Е┘ЁЕ▌©','530600'),('530625','Ф╟╦Е√└Е▌©','530600'),('530626','Г╩╔Ф╠÷Е▌©','530600'),('530627','И∙┤И⌡└Е▌©','530600'),('530628','Е╫²Х┴╞Е▌©','530600'),('530629','Е╗│Д©║Е▌©','530600'),('530630','Ф╟╢Е╞▄Е▌©','530600'),('530701','Е╦┌Х╬√Е▄╨','530700'),('530702','Е▐╓Е÷▌Е▄╨','530700'),('530721','Г▌┴И╬≥Г╨ЁХ╔©Ф≈▐Х┤╙Ф╡╩Е▌©','530700'),('530722','Ф╟╦Х┐°Е▌©','530700'),('530723','Е█▌Е²╙Е▌©','530700'),('530724','Е╝│Х▓≈Е╫²Ф≈▐Х┤╙Ф╡╩Е▌©','530700'),('530801','Е╦┌Х╬√Е▄╨','530800'),('530802','Г©═Д╨▒Е▄╨','530800'),('530821','Ф≥╝Ф╢╠Е⌠┬Е╟╪Ф≈▐Е╫²Ф≈▐Х┤╙Ф╡╩Е▌©','530800'),('530822','Е╒╗Ф╠÷Е⌠┬Е╟╪Ф≈▐Х┤╙Ф╡╩Е▌©','530800'),('530823','Ф≥╞Д╦°Е╫²Ф≈▐Х┤╙Ф╡╩Е▌©','530800'),('530824','Ф≥╞Х╟╥Е┌ёФ≈▐Е╫²Ф≈▐Х┤╙Ф╡╩Е▌©','530800'),('530825','И∙┤Ф╡┘Е╫²Ф≈▐Е⌠┬Е╟╪Ф≈▐Ф▀┴Г╔°Ф≈▐Х┤╙Ф╡╩Е▌©','530800'),('530826','Ф╠÷Е÷▌Е⌠┬Е╟╪Ф≈▐Е╫²Ф≈▐Х┤╙Ф╡╩Е▌©','530800'),('530827','Е╜÷Х©·Е┌ёФ≈▐Ф▀┴Г╔°Ф≈▐Д╫╓Ф≈▐Х┤╙Ф╡╩Е▌©','530800'),('530828','Ф╬°Ф╡╖Ф▀┴Г╔°Ф≈▐Х┤╙Ф╡╩Е▌©','530800'),('530829','Х╔©Г⌡÷Д╫╓Ф≈▐Х┤╙Ф╡╩Е▌©','530800'),('530901','Е╦┌Х╬√Е▄╨','530900'),('530902','Д╦╢Г©■Е▄╨','530900'),('530921','Е┤╓Е╨├Е▌©','530900'),('530922','Д╨▒Ц──Е▌©','530900'),('530923','Ф╟╦Е╬╥Е▌©','530900'),('530924','И∙┤Е╨╥Е▌©','530900'),('530925','Е▐▄Ф╠÷Ф▀┴Г╔°Ф≈▐Д╫╓Ф≈▐Е╦┐Ф°≈Ф≈▐Е┌ёФ≈▐Х┤╙Ф╡╩Е▌©','530900'),('530926','Х─©И╘╛Е┌ёФ≈▐Д╫╓Ф≈▐Х┤╙Ф╡╩Е▌©','530900'),('530927','Ф╡╖Ф╨░Д╫╓Ф≈▐Х┤╙Ф╡╩Е▌©','530900'),('532301','Ф╔ И⌡└Е╦┌','532300'),('532322','Е▐▄Ф÷▐Е▌©','532300'),('532323','Г┴÷Е╝ Е▌©','532300'),('532324','Е█≈Е█▌Е▌©','532300'),('532325','Е╖ Е╝┴Е▌©','532300'),('532326','Е╓╖Е╖ Е▌©','532300'),('532327','Ф╟╦Д╩│Е▌©','532300'),('532328','Е┘┐Х╟▀Е▌©','532300'),('532329','Ф╜╕Е╝ Е▌©','532300'),('532331','Г╕└Д╦╟Е▌©','532300'),('532501','Д╦╙Ф≈╖Е╦┌','532500'),('532502','Е╪─Х©°Е╦┌','532500'),('532522','Х▓≥Х┤╙Е▌©','532500'),('532523','Е╠▐Х╬╧Х▀≈Ф≈▐Х┤╙Ф╡╩Е▌©','532500'),('532524','Е╩╨Ф╟╢Е▌©','532500'),('532525','Г÷ЁЕ╠▐Е▌©','532500'),('532526','Е╪╔Е▀▓Е▌©','532500'),('532527','ФЁ╦Х╔©Е▌©','532500'),('532528','Е┘┐И≤ЁЕ▌©','532500'),('532529','Г╨╒Ф╡ЁЕ▌©','532500'),('532530','И┤▒Е╧ЁХ▀≈Ф≈▐Г▒╤Ф≈▐Е┌ёФ≈▐Х┤╙Ф╡╩Е▌©','532500'),('532531','Г╩©Ф≤╔Е▌©','532500'),('532532','Ф╡ЁЕ▐ёГ▒╤Ф≈▐Х┤╙Ф╡╩Е▌©','532500'),('532621','Ф√┤Е╠╠Е▌©','532600'),('532622','Г═ Е╠╠Е▌©','532600'),('532623','Х╔©Г∙╢Е▌©','532600'),('532624','И╨╩Ф═≈Е²║Е▌©','532600'),('532625','И╘╛Е┘ЁЕ▌©','532600'),('532626','Д╦≤Е▄≈Е▌©','532600'),('532627','Е╧©Е█≈Е▌©','532600'),('532628','Е╞▄Е╝│Е▌©','532600'),('532801','Ф≥╞Ф╢╙Е╦┌','532800'),('532822','Е▀░Ф╣╥Е▌©','532800'),('532823','Е▀░Х┘┼Е▌©','532800'),('532901','Е╓╖Г░├Е╦┌','532900'),('532922','Ф╪╬Ф©·Е╫²Ф≈▐Х┤╙Ф╡╩Е▌©','532900'),('532923','Г╔╔Д╨▒Е▌©','532900'),('532924','Е╝╬Е╥²Е▌©','532900'),('532925','Е╪╔Ф╦║Е▌©','532900'),('532926','Е█≈Ф╤╖Е╫²Ф≈▐Х┤╙Ф╡╩Е▌©','532900'),('532927','Е╥█Е╠╠Е╫²Ф≈▐Е⌡·Ф≈▐Х┤╙Ф╡╩Е▌©','532900'),('532928','Ф╟╦Е╧ЁЕ▌©','532900'),('532929','Д╨▒И╬≥Е▌©','532900'),('532930','Ф╢╠Ф╨░Е▌©','532900'),('532931','Е┴▒Е╥²Е▌©','532900'),('532932','И╧╓Е╨├Е▌©','532900'),('533102','Г▒·Д╦╫Е╦┌','533100'),('533103','Ф╫·Х╔©Е╦┌','533100'),('533122','Ф╒│Ф╡ЁЕ▌©','533100'),('533123','Г⌡┬Ф╠÷Е▌©','533100'),('533124','И≥┤Е╥²Е▌©','533100'),('533321','ФЁ╦Ф╟╢Е▌©','533300'),('533323','Г╕▐Х╢║Е▌©','533300'),('533324','Х╢║Е╠╠Г▀╛И╬≥Ф≈▐Ф─▓Ф≈▐Х┤╙Ф╡╩Е▌©','533300'),('533325','Е┘╟Е²╙Г≥╫Ф≈▐Ф≥╝Г╠ЁФ≈▐Х┤╙Ф╡╩Е▌©','533300'),('533421','И╕≥Ф═╪И┤▄Ф▀┴Е▌©','533400'),('533422','Е╬╥И▓╕Е▌©','533400'),('533423','Г╩╢Х╔©Е┌┬Е┐ЁФ≈▐Х┤╙Ф╡╩Е▌©','533400'),('540101','Е╦┌Х╬√Е▄╨','540100'),('540102','Е÷▌Е┘ЁЕ▄╨','540100'),('540121','Ф·≈Е▒╗Е▌©','540100'),('540122','Е╫⌠И⌡└Е▌©','540100'),('540123','Е╟╪Ф°╗Е▌©','540100'),('540124','Ф⌡╡Ф╟╢Е▌©','540100'),('540125','Е═├И╬≥Е╬╥Е╨├Е▌©','540100'),('540126','Х╬╬Е╜°Е▌©','540100'),('540127','Е╒╗Г╚╧Е╥╔Е█║Е▌©','540100'),('542121','Ф≤▄И┐╫Е▌©','542100'),('542122','Ф╠÷Х╬╬Е▌©','542100'),('542123','Х╢║Х╖┴Е▌©','542100'),('542124','Г╠╩Д╧▄И╫░Е▌©','542100'),('542125','Д╦│И²▓Е▌©','542100'),('542126','Е╞÷И⌡┘Е▌©','542100'),('542127','Е┘╚Е╝©Е▌©','542100'),('542128','Е╥╕Х╢║Е▌©','542100'),('542129','Х┼▓Е╨╥Е▌©','542100'),('542132','Ф╢⌡И ├Е▌©','542100'),('542133','Х╬╧Е²²Е▌©','542100'),('542221','Д╧┐Д╦°Е▌©','542200'),('542222','Ф┴▌Е⌡┼Е▌©','542200'),('542223','Х╢║Е≤▌Е▌©','542200'),('542224','Ф║▒Ф≈╔Е▌©','542200'),('542225','Г░╪Г╩⌠Е▌©','542200'),('542226','Ф⌡╡Ф²╬Е▌©','542200'),('542227','Ф▌╙Г╬▌Е▌©','542200'),('542228','Ф╢⌡Ф┴▌Е▌©','542200'),('542229','Е┼═Ф÷╔Е▌©','542200'),('542231','И ├Е╜░Е▌©','542200'),('542232','И■≥И┌ёЕ▌©','542200'),('542233','Ф╣╙Е█║Е╜░Е▌©','542200'),('542301','Ф≈╔Е√─Е┬≥Е╦┌','542300'),('542322','Е█≈Ф°╗Ф·≈Е▌©','542300'),('542323','Ф╠÷Е╜°Е▌©','542300'),('542324','Е╝ Ф≈╔Е▌©','542300'),('542325','Х░╗Х©╕Е▌©','542300'),('542326','Ф▀┴Е╜°Е▌©','542300'),('542327','Ф≤┌Д╩│Е▌©','542300'),('542328','Х╟╒И─ И≈╗Е▌©','542300'),('542329','Г≥╫Ф°≈Е▌©','542300'),('542330','Д╩│Е╦┐Е▌©','542300'),('542331','Е╨╥И╘╛Е▌©','542300'),('542332','Е╝ Г╩⌠Е▌©','542300'),('542333','Д╩╡Е╥╢Е▌©','542300'),('542334','Д╨ Д╦°Е▌©','542300'),('542335','Е░┴И ├Е▌©','542300'),('542336','Х│┌Ф▀┴Ф°╗Е▌©','542300'),('542337','Х░╗Е≤▌Е▌©','542300'),('542338','Е╡≈Е╥╢Е▌©','542300'),('542421','И┌ёФ⌡╡Е▌©','542400'),('542422','Е≤┴И╩▌Е▌©','542400'),('542423','Ф╞■Е╕┌Е▌©','542400'),('542424','Х│┌Х█ёЕ▌©','542400'),('542425','Е╝┴Е╓ Е▌©','542400'),('542426','Г■ЁФ┴▌Е▌©','542400'),('542427','Г╢╒Ц──Е▌©','542400'),('542428','Г▐╜Ф┬┬Е▌©','542400'),('542429','Е╥╢И²▓Е▌©','542400'),('542430','Е╟╪Г▌⌡Е▌©','542400'),('542521','Ф≥╝Е┘╟Е▌©','542500'),('542522','Ф°╜Х╬╬Е▌©','542500'),('542523','Е≥╤Е╟■Е▌©','542500'),('542524','Ф≈╔Е°÷Е▌©','542500'),('542525','И²╘Е░┴Е▌©','542500'),('542526','Ф■╧Е┬≥Е▌©','542500'),('542527','Ф▌╙Е▀╓Е▌©','542500'),('542621','Ф·≈Х┼²Е▌©','542600'),('542622','Е╥╔Е╦┐Ф╠÷Х╬╬Е▌©','542600'),('542623','Г╠ЁФ·≈Е▌©','542600'),('542624','Е╒╗Х└╠Е▌©','542600'),('542625','ФЁ╒Е╞├Е▌©','542600'),('542626','Е╞÷И ┘Е▌©','542600'),('542627','Ф°≈Ц──Е▌©','542600'),('610101','Е╦┌Х╬√Е▄╨','610100'),('610102','Ф√╟Е÷▌Е▄╨','610100'),('610103','Г╒▒Ф·≈Е▄╨','610100'),('610104','Х▌╡Ф╧√Е▄╨','610100'),('610111','Г│·Ф║╔Е▄╨','610100'),('610112','Ф°╙Е╓╝Е▄╨','610100'),('610113','И⌡│Е║■Е▄╨','610100'),('610114','И≤▌Х┴╞Е▄╨','610100'),('610115','Д╦╢Ф╫╪Е▄╨','610100'),('610116','И∙©Е╝┴Е▄╨','610100'),('610122','Х⌠²Г■╟Е▌©','610100'),('610124','Е▒╗Х┤ЁЕ▌©','610100'),('610125','Ф┬╥Ц──Е▌©','610100'),('610126','И╚≤И≥╣Е▌©','610100'),('610201','Е╦┌Х╬√Е▄╨','610200'),('610202','Г▌▀Г⌡┼Е▄╨','610200'),('610203','Е█╟Е▐╟Е▄╨','610200'),('610204','Х──Е╥·Е▄╨','610200'),('610222','Е╝°Е░⌡Е▌©','610200'),('610301','Е╦┌Х╬√Е▄╨','610300'),('610302','Ф╦╜Ф╩╗Е▄╨','610300'),('610303','И┤▒Е▐╟Е▄╨','610300'),('610304','И≥┬Д╩⌠Е▄╨','610300'),('610322','Е┤╓Г©■Е▌©','610300'),('610323','Е╡░Е╠╠Е▌©','610300'),('610324','Ф┴╤Иё▌Е▌©','610300'),('610326','Г°┴Ц──Е▌©','610300'),('610327','И≥┤Ц──Е▌©','610300'),('610328','Е█┐И≤ЁЕ▌©','610300'),('610329','И╨÷Ф╦╦Е▌©','610300'),('610330','Е┤╓Ц──Е▌©','610300'),('610331','Е╓╙Г≥╫Е▌©','610300'),('610401','Е╦┌Х╬√Е▄╨','610400'),('610402','Г╖╕И┐╫Е▄╨','610400'),('610403','Ф²╗Е┤▄Е▄╨','610400'),('610404','Ф╦╜Е÷▌Е▄╨','610400'),('610422','Д╦┴Е▌÷Е▌©','610400'),('610423','ФЁ╬И≤ЁЕ▌©','610400'),('610424','Д╧╬Ц──Е▌©','610400'),('610425','Г╓╪ФЁ┴Е▌©','610400'),('610426','Ф╟╦Е╞©Е▌©','610400'),('610427','Е╫╛Ц──Е▌©','610400'),('610428','И∙©Ф╜╕Е▌©','610400'),('610429','Ф≈╛И┌▒Е▌©','610400'),('610430','Ф╥ЁЕ▄√Е▌©','610400'),('610431','Ф╜╕Е┼÷Е▌©','610400'),('610481','Е┘╢Е╧ЁЕ╦┌','610400'),('610501','Е╦┌Х╬√Е▄╨','610500'),('610502','Д╦╢Ф╦╜Е▄╨','610500'),('610521','Е█▌Ц──Е▌©','610500'),('610522','Ф╫╪Е┘ЁЕ▌©','610500'),('610523','Е╓╖Х█■Е▌©','610500'),('610524','Е░┬И≤ЁЕ▌©','610500'),('610525','Ф╬└Е÷▌Е▌©','610500'),('610526','Х▓╡Е÷▌Е▌©','610500'),('610527','Г≥╫Ф╟╢Е▌©','610500'),('610528','Е╞▄Е╧ЁЕ▌©','610500'),('610581','И÷╘Е÷▌Е╦┌','610500'),('610582','Е█▌И≤╢Е╦┌','610500'),('610601','Е╦┌Х╬√Е▄╨','610600'),('610602','Е╝²Е║■Е▄╨','610600'),('610621','Е╩╤И∙©Е▌©','610600'),('610622','Е╩╤Е╥²Е▌©','610600'),('610623','Е╜░И∙©Е▌©','610600'),('610624','Е╝┴Е║·Е▌©','610600'),('610625','Е©≈Д╦╧Е▌©','610600'),('610626','Е░╢Ф≈≈Е▌©','610600'),('610627','Г■≤ФЁ┴Е▌©','610600'),('610628','Е╞▄Ц──Е▌©','610600'),('610629','Ф╢⌡Е╥²Е▌©','610600'),('610630','Е╝°Е╥²Е▌©','610600'),('610631','И╩└И╬≥Е▌©','610600'),('610632','И╩└И≥╣Е▌©','610600'),('610701','Е╦┌Х╬√Е▄╨','610700'),('610702','Ф╠┴Е▐╟Е▄╨','610700'),('610721','Е█≈И┐▒Е▌©','610700'),('610722','Е÷▌Е⌡╨Е▌©','610700'),('610723','Ф╢▀Ц──Е▌©','610700'),('610724','Х╔©Д╧║Е▌©','610700'),('610725','Е▀┴Ц──Е▌©','610700'),('610726','Е╝│Е╪╨Е▌©','610700'),('610727','Г∙╔И≤ЁЕ▌©','610700'),('610728','И∙┤Е╥╢Е▌©','610700'),('610729','Г∙≥Е²²Е▌©','610700'),('610730','Д╫⌡Е²╙Е▌©','610700'),('610801','Е╦┌Х╬√Е▄╨','610800'),('610802','Ф╕├И≤ЁЕ▄╨','610800'),('610821','Г╔·Ф°╗Е▌©','610800'),('610822','Е╨°Х╟╥Е▌©','610800'),('610823','Ф╗╙Е╠╠Е▌©','610800'),('610824','И²√Х╬╧Е▌©','610800'),('610825','Е╝ Х╬╧Е▌©','610800'),('610826','Г╩╔Е╬╥Е▌©','610800'),('610827','Г╠ЁХ└┌Е▌©','610800'),('610828','Д╫ЁЦ──Е▌©','610800'),('610829','Е░╢Е═║Е▌©','610800'),('610830','Ф╦┘Ф╤╖Е▌©','610800'),('610831','Е╜░Ф╢╡Е▌©','610800'),('610901','Е╦┌Х╬√Е▄╨','610900'),('610902','Ф╠┴Ф╩╗Е▄╨','610900'),('610921','Ф╠┴И≤╢Е▌©','610900'),('610922','Г÷ЁФЁ┴Е▌©','610900'),('610923','Е╝│И≥∙Е▌©','610900'),('610924','Г╢╚И≤ЁЕ▌©','610900'),('610925','Е╡ Г ▀Е▌©','610900'),('610926','Е╧ЁЕ┬╘Е▌©','610900'),('610927','И∙┤Е²╙Е▌©','610900'),('610928','Ф≈╛И≤ЁЕ▌©','610900'),('610929','Г≥╫Ф╡ЁЕ▌©','610900'),('611001','Е╦┌Х╬√Е▄╨','611000'),('611002','Е∙├Е╥·Е▄╨','611000'),('611021','Ф╢⌡Е█≈Е▌©','611000'),('611022','Д╦╧Е┤╓Е▌©','611000'),('611023','Е∙├Е█≈Е▌©','611000'),('611024','Е╠╠И≤ЁЕ▌©','611000'),('611025','И∙┤Е╝┴Е▌©','611000'),('611026','Ф÷·Ф╟╢Е▌©','611000'),('620101','Е╦┌Х╬√Е▄╨','620100'),('620102','Е÷▌Е┘ЁЕ▄╨','620100'),('620103','Д╦┐И┤▄Ф╡ЁЕ▄╨','620100'),('620104','Х╔©Е⌡╨Е▄╨','620100'),('620105','Е╝┴Е╝│Е▄╨','620100'),('620111','Г╨╒Е▐╓Е▄╨','620100'),('620121','Ф╟╦Г≥╩Е▌©','620100'),('620122','Г ▀Е┘╟Е▌©','620100'),('620123','Ф╕├Д╦╜Е▌©','620100'),('620201','Е╦┌Х╬√Е▄╨','620200'),('620301','Е╦┌Х╬√Е▄╨','620300'),('620302','И┤▒Е╥²Е▄╨','620300'),('620321','Ф╟╦Ф≤▄Е▌©','620300'),('620401','Е╦┌Х╬√Е▄╨','620400'),('620402','Г≥╫И⌠╤Е▄╨','620400'),('620403','Е╧ЁЕ╥²Е▄╨','620400'),('620421','И²√Х©°Е▌©','620400'),('620422','Д╪ Е╝│Е▌©','620400'),('620423','Ф≥╞ФЁ╟Е▌©','620400'),('620501','Е╦┌Х╬√Е▄╨','620500'),('620502','Г╖╕Е÷▌Е▄╨','620500'),('620503','Е▄≈И│⌠Е▄╨','620500'),('620521','Ф╦┘Ф╟╢Е▌©','620500'),('620522','Г╖╕Е╝┴Е▌©','620500'),('620523','Г■≤Х╟╥Е▌©','620500'),('620524','Ф╜╕Е╠╠Е▌©','620500'),('620525','Е╪═Е╝╤Е╥²Е⌡·Ф≈▐Х┤╙Ф╡╩Е▌©','620500'),('620601','Е╦┌Х╬√Е▄╨','620600'),('620602','Е┤┴Е╥·Е▄╨','620600'),('620621','Ф╟▒Е▀╓Е▌©','620600'),('620622','Е▐╓Ф╣╙Е▌©','620600'),('620623','Е╓╘Г╔²Х≈▐Ф≈▐Х┤╙Ф╡╩Е▌©','620600'),('620701','Е╦┌Х╬√Е▄╨','620700'),('620702','Г■≤Е╥·Е▄╨','620700'),('620721','Х┌┐Е█≈Хё∙Е⌡╨Ф≈▐Х┤╙Ф╡╩Е▌©','620700'),('620722','Ф╟▒Д╧░Е▌©','620700'),('620723','Д╦╢ФЁ╫Е▌©','620700'),('620724','И╚≤Е▐╟Е▌©','620700'),('620725','Е╠╠Д╦╧Е▌©','620700'),('620801','Е╦┌Х╬√Е▄╨','620800'),('620802','Е╢├ЕЁ▓Е▄╨','620800'),('620821','ФЁ╬Е╥²Е▌©','620800'),('620822','Г│╣Е▐╟Е▌©','620800'),('620823','Е╢┤Д©║Е▌©','620800'),('620824','Е█▌Д╨╜Е▌©','620800'),('620825','Е╨└Ф╣╙Е▌©','620800'),('620826','И²≥Е╝│Е▌©','620800'),('620901','Е╦┌Х╬√Е▄╨','620900'),('620902','Х┌┐Е╥·Е▄╨','620900'),('620921','И┤▒Е║■Е▌©','620900'),('620922','Е╝┴Х╔©Е▌©','620900'),('620923','Х┌┐Е▄≈Х▓≥Е▐╓Ф≈▐Х┤╙Ф╡╩Е▌©','620900'),('620924','И≤©Е┘▀Е║·Е⌠┬Х░╗Е┘▀Ф≈▐Х┤╙Ф╡╩Е▌©','620900'),('620981','Г▌┴И≈╗Е╦┌','620900'),('620982','Ф∙╕Г┘▄Е╦┌','620900'),('621001','Е╦┌Х╬√Е▄╨','621000'),('621002','Х╔©ЕЁ╟Е▄╨','621000'),('621021','Е╨├Е÷▌Е▌©','621000'),('621022','Г▌╞Ц──Е▌©','621000'),('621023','Е█▌Ф╠═Е▌©','621000'),('621024','Е░┬Ф╟╢Е▌©','621000'),('621025','Ф╜ёЕ╝│Е▌©','621000'),('621026','Е╝│Ц──Е▌©','621000'),('621027','И∙┤Е▌÷Е▌©','621000'),('621101','Е╦┌Х╬√Е▄╨','621100'),('621102','Е╝┴Е╝ Е▄╨','621100'),('621121','И─ Ф╦╜Е▌©','621100'),('621122','И≥┤Х╔©Е▌©','621100'),('621123','Ф╦╜Ф╨░Е▌©','621100'),('621124','Д╦╢Ф╢╝Е▌©','621100'),('621125','Ф╪ЁЦ──Е▌©','621100'),('621126','Е╡╥Ц──Е▌©','621100'),('621201','Е╦┌Х╬√Е▄╨','621200'),('621202','Ф╜╕И┐╫Е▄╨','621200'),('621221','Ф┬░Ц──Е▌©','621200'),('621222','Ф√┤Ц──Е▌©','621200'),('621223','Е╝∙Ф≤▄Е▌©','621200'),('621224','Е╨╥Ц──Е▌©','621200'),('621225','Х╔©Е▓▄Е▌©','621200'),('621226','Г╓╪Ц──Е▌©','621200'),('621227','Е╬╫Ц──Е▌©','621200'),('621228','Д╦╓Е╫⌠Е▌©','621200'),('622901','Д╦╢Е╓▐Е╦┌','622900'),('622921','Д╦╢Е╓▐Е▌©','622900'),('622922','Е╨╥Д╧░Е▌©','622900'),('622923','Ф╟╦И²√Е▌©','622900'),('622924','Е╧©Ф╡ЁЕ▌©','622900'),('622925','Е▓▄Ф■©Е▌©','622900'),('622926','Д╦°Д╧║Ф≈▐Х┤╙Ф╡╩Е▌©','622900'),('622927','Г╖╞Г÷ЁЕ╠╠Д©²Е╝┴Ф≈▐Д╦°Д╧║Ф≈▐Ф▓▓Ф▀┴Ф≈▐Х┤╙Ф╡╩Е▌©','622900'),('623001','Е░┬Д╫°Е╦┌','623000'),('623021','Д╦╢Ф╫╜Е▌©','623000'),('623022','Е█⌠Е╟╪Е▌©','623000'),('623023','Х┬÷Ф⌡╡Е▌©','623000'),('623024','Х©╜И┐╗Е▌©','623000'),('623025','Г▌⌡Ф⌡╡Е▌©','623000'),('623026','Г╒▄Ф⌡╡Е▌©','623000'),('623027','Е╓▐Ф╡ЁЕ▌©','623000'),('630101','Е╦┌Х╬√Е▄╨','630100'),('630102','Е÷▌Д╦°Е▄╨','630100'),('630103','Е÷▌Д╦╜Е▄╨','630100'),('630104','Е÷▌Х╔©Е▄╨','630100'),('630105','Е÷▌Е▄≈Е▄╨','630100'),('630121','Е╓╖И─ Е⌡·Ф≈▐Е°÷Ф≈▐Х┤╙Ф╡╩Е▌©','630100'),('630122','Ф╧÷Д╦╜Е▌©','630100'),('630123','Ф╧÷Ф╨░Е▌©','630100'),('632121','Е╧ЁЕ╝┴Е▌©','632100'),('632122','Ф╟▒Е▓▄Е⌡·Ф≈▐Е°÷Ф≈▐Х┤╙Ф╡╩Е▌©','632100'),('632123','Д╧░И┐╫Е▌©','632100'),('632126','Д╨▓Е┼╘Е°÷Ф≈▐Х┤╙Ф╡╩Е▌©','632100'),('632127','Е▄√И ├Е⌡·Ф≈▐Х┤╙Ф╡╩Е▌©','632100'),('632128','Е╬╙Е▄√Ф▓▓Ф▀┴Ф≈▐Х┤╙Ф╡╩Е▌©','632100'),('632221','И≈╗Ф╨░Е⌡·Ф≈▐Х┤╙Ф╡╩Е▌©','632200'),('632222','Г╔│Х©·Е▌©','632200'),('632223','Ф╣╥Ф≥▐Е▌©','632200'),('632224','Е┬ Е╞÷Е▌©','632200'),('632321','Е░▄Д╩│Е▌©','632300'),('632322','Е╟√Ф┴▌Е▌©','632300'),('632323','ФЁ╫Е╨⌠Е▌©','632300'),('632324','Ф╡ЁЕ█≈Х▓≥Е▐╓Ф≈▐Х┤╙Ф╡╩Е▌©','632300'),('632521','Е┘╠Е▓▄Е▌©','632500'),('632522','Е░▄Е╬╥Е▌©','632500'),('632523','Х╢╣Е╬╥Е▌©','632500'),('632524','Е┘╢Ф╣╥Е▌©','632500'),('632525','Х╢╣Е█≈Е▌©','632500'),('632621','Г▌⌡Ф╡│Е▌©','632600'),('632622','Г▐╜Г▌⌡Е▌©','632600'),('632623','Г■≤Е╬╥Е▌©','632600'),('632624','Х╬╬Ф≈╔Е▌©','632600'),('632625','Д╧┘Ф╡╩Е▌©','632600'),('632626','Г▌⌡Е╓ Е▌©','632600'),('632721','Г▌┴Ф═▒Е▌©','632700'),('632722','Ф²┌Е╓ Е▌©','632700'),('632723','Г╖╟Е╓ Е▌©','632700'),('632724','Ф╡╩Е╓ Е▌©','632700'),('632725','Е⌡┼Х╟╕Е▌©','632700'),('632726','Ф⌡╡И╨╩Х▌╠Е▌©','632700'),('632801','Ф═╪Е╟■Ф°╗Е╦┌','632800'),('632802','Е╬╥Д╩╓Е⌠┬Е╦┌','632800'),('632821','Д╧▄Е┘╟Е▌©','632800'),('632822','И┐╫Е┘╟Е▌©','632800'),('632823','Е╓╘ЕЁ╩Е▌©','632800'),('640101','Е╦┌Х╬√Е▄╨','640100'),('640104','Е┘╢Е╨├Е▄╨','640100'),('640105','Х╔©Е╓▐Е▄╨','640100'),('640106','И┤▒Е┤╓Е▄╨','640100'),('640121','Ф╟╦Е╝│Е▌©','640100'),('640122','Х╢╨Е┘╟Е▌©','640100'),('640181','Г│╣Ф╜╕Е╦┌','640100'),('640201','Е╦┌Х╬√Е▄╨','640200'),('640202','Е╓╖Ф╜╕Е▐ёЕ▄╨','640200'),('640205','Ф┐═Е├°Е▄╨','640200'),('640221','Е╧ЁГ╫≈Е▌©','640200'),('640301','Е╦┌Х╬√Е▄╨','640300'),('640302','Е┬╘И─ Е▄╨','640300'),('640323','Г⌡░Ф╠═Е▌©','640300'),('640324','Е░▄Е©┐Е▌©','640300'),('640381','И²▓И⌠°ЕЁ║Е╦┌','640300'),('640401','Е╦┌Х╬√Е▄╨','640400'),('640402','Е▌÷Е╥·Е▄╨','640400'),('640422','Х╔©Е░┴Е▌©','640400'),('640423','И ├Е╬╥Е▌©','640400'),('640424','ФЁ╬Ф╨░Е▌©','640400'),('640425','Е╫╜И≤ЁЕ▌©','640400'),('640501','Е╦┌Х╬√Е▄╨','640500'),('640502','Ф╡≥Е²║Е╓╢Е▄╨','640500'),('640521','Д╦╜Е╝│Е▌©','640500'),('640522','Ф╣╥Е▌÷Е▌©','640400'),('650101','Е╦┌Х╬√Е▄╨','650100'),('650102','Е╓╘Е╠╠Е▄╨','650100'),('650103','Ф╡≥Д╬²Е╥╢Е┘▀Е▄╨','650100'),('650104','Ф√╟Е╦┌Е▄╨','650100'),('650105','Ф╟╢Гё╗Ф╡÷Е▄╨','650100'),('650106','Е╓╢Е╠╞Ф╡ЁЕ▄╨','650100'),('650107','Х╬╬Е²┌Е÷▌Е▄╨','650100'),('650108','Д╦°Е╠╠Е▄╨','650100'),('650121','Д╧▄И╡│Ф°╗И╫░Е▌©','650100'),('650201','Е╦┌Х╬√Е▄╨','650200'),('650202','Г▀╛Е╠╠Е╜░Е▄╨','650200'),('650203','Е┘▀Ф▀┴Г▌⌡Д╬²Е▄╨','650200'),('650204','Г≥╫Г╒╠Ф╩╘Е▄╨','650200'),('650205','Д╧▄Е╟■Г╕╬Е▄╨','650200'),('652101','Е░░И╡│Г∙╙Е╦┌','652100'),('652122','И└╞Е√└Е▌©','652100'),('652123','Ф┴≤Е┘▀И─┼Е▌©','652100'),('652201','Е⌠┬Е╞├Е╦┌','652200'),('652222','Е╥╢И┤▄Е²╓Е⌠┬Х░╗Е┘▀Х┤╙Ф╡╩Е▌©','652200'),('652223','Д╪┼Е░╬Е▌©','652200'),('652301','Ф≤▄Е░┴Е╦┌','652300'),('652302','И≤°Е╨╥Е╦┌','652300'),('652303','Г╠ЁФЁ┴Е╦┌','652300'),('652323','Е▒╪Е⌡╬Её│Е▌©','652300'),('652324','Г▌⌡Г╨ЁФ√╞Е▌©','652300'),('652325','Е╔┤Е▐╟Е▌©','652300'),('652327','Е░┴Ф°╗Х░╗Е╟■Е▌©','652300'),('652328','Ф°╗Е·▓Е⌠┬Х░╗Е┘▀Х┤╙Ф╡╩Е▌©','652300'),('652701','Е█ Д╧░Е╦┌','652700'),('652722','Г╡╬Ф╡ЁЕ▌©','652700'),('652723','Ф╦╘ФЁ┴Е▌©','652700'),('652801','Е╨⌠Е╟■Е▀▓Е╦┌','652800'),('652822','Х╫╝Е▐╟Е▌©','652800'),('652823','Е╟┴Г┼│Е▌©','652800'),('652824','Х▀╔Г╬▄Е▌©','652800'),('652825','Д╦■Ф°╚Е▌©','652800'),('652826','Г└┴Х─├Е⌡·Ф≈▐Х┤╙Ф╡╩Е▌©','652800'),('652827','Е▓▄И²≥Е▌©','652800'),('652828','Е▓▄Г║∙Е▌©','652800'),('652829','Е█ Ф╧√Е▌©','652800'),('652901','И≤©Е┘▀Х▀▐Е╦┌','652900'),('652922','Ф╦╘Е╝©Е▌©','652900'),('652923','Е╨⌠Х╫╕Е▌©','652900'),('652924','Ф╡≥И⌡┘Е▌©','652900'),('652925','Ф√╟Е▓▄Е▌©','652900'),('652926','Ф▀°Е÷▌Е▌©','652900'),('652927','Д╧▄Д╩─Е▌©','652900'),('652928','И≤©Г⌠╕Ф▐░Е▌©','652900'),('652929','Ф÷╞Е²╙Е▌©','652900'),('653001','И≤©Е⌡╬Д╩─Е╦┌','653000'),('653022','И≤©Е┘▀И≥╤Е▌©','653000'),('653023','И≤©Е░┬Е╔┤Е▌©','653000'),('653024','Д╧▄Ф│╟Е▌©','653000'),('653101','Е√─Д╩─Е╦┌','653100'),('653121','Г√▐И≥└Е▌©','653100'),('653122','Г√▐Е▀▓Е▌©','653100'),('653123','Х▀╠Е░┴Ф╡≥Е▌©','653100'),('653124','ФЁ╫Ф≥╝Е▌©','653100'),('653125','Х▌▌Х╫╕Е▌©','653100'),('653126','Е▐╤Е÷▌Е▌©','653100'),('653127','И╨╕Г⌡√Ф▐░Е▌©','653100'),('653128','Е╡ЁФ≥╝Ф╧√Е▌©','653100'),('653129','Д╪╫Е╦┬Е▌©','653100'),('653130','Е╥╢Ф╔ Е▌©','653100'),('653131','Е║■Д╩─Е╨⌠Е╟■Е╧╡Е║■Е░┴Е┘▀Х┤╙Ф╡╩Е▌©','653100'),('653201','Е▓▄Г■╟Е╦┌','653200'),('653221','Е▓▄Г■╟Е▌©','653200'),('653222','Е╒╗Г▌┴Е▌©','653200'),('653223','Г ╝Е╠╠Е▌©','653200'),('653224','Ф╢⌡Ф╣╕Е▌©','653200'),('653225','Г╜√Е▀▓Е▌©','653200'),('653226','Д╨▌Г■╟Е▌©','653200'),('653227','Ф╟▒Д╦╟Е▌©','653200'),('654002','Д╪┼Е╝│Е╦┌','654000'),('654003','Е╔▌Е╠╞Е╦┌','654000'),('654021','Д╪┼Е╝│Е▌©','654000'),('654022','Е╞÷Е╦┐Ф÷╔Е╟■И■║Д╪╞Х┤╙Ф╡╩Е▌©','654000'),('654023','И°█Е÷▌Е▌©','654000'),('654024','Е╥╘Г∙≥Е▌©','654000'),('654025','Ф√╟Ф╨░Е▌©','654000'),('654026','Ф≤╜Х▀▐Е▌©','654000'),('654027','Г┴╧Е┘▀Ф√╞Е▌©','654000'),('654028','Е╟╪Е▀▓Е┘▀Е▌©','654000'),('654201','Е║■Е÷▌Е╦┌','654200'),('654202','Д╧▄Х▀▐Е╦┌','654200'),('654221','И╒²Ф∙▐Е▌©','654200'),('654223','Ф╡≥Ф╧╬Е▌©','654200'),('654224','Ф┴≤И┤▄Е▌©','654200'),('654225','Хё∙Ф╟▒Е▌©','654200'),('654226','Е▓▄Е╦┐Е┘▀Х╣⌡Е╟■Х▓≥Е▐╓Х┤╙Ф╡╩Е▌©','654200'),('654301','И≤©Е▀▓ФЁ╟Е╦┌','654300'),('654321','Е╦┐Е╟■Ф╢╔Е▌©','654300'),('654322','Е╞▄Х∙╢Е▌©','654300'),('654323','Г╕▐Ф╣╥Е▌©','654300'),('654324','Е⌠┬Е╥╢Ф╡ЁЕ▌©','654300'),('654325','И²▓Ф╡ЁЕ▌©','654300'),('654326','Е░┴Ф°╗Д╧┐Е▌©','654300'),('659001','Г÷ЁФ╡ЁЕ╜░Е╦┌','659000'),('659002','И≤©Ф▀┴Е╟■Е╦┌','659000'),('659003','Е⌡╬Ф°╗Х┬▓Е┘▀Е╦┌','659000'),('659004','Д╨■Е╝╤Ф╦═Е╦┌','659000');

/*Table structure for table `tb_cities` */

DROP TABLE IF EXISTS `tb_cities`;

CREATE TABLE `tb_cities` (
  `cityid` varchar(20) NOT NULL COMMENT 'Е÷▌Е╦┌ID',
  `city` varchar(50) NOT NULL COMMENT 'Е÷▌Е╦┌Е░█Г╖╟',
  `provinceid` varchar(20) NOT NULL COMMENT 'Г°│Д╩╫ID',
  PRIMARY KEY (`cityid`) USING BTREE
) ENGINE=InnoDB DEFAULT CHARSET=utf8 ROW_FORMAT=DYNAMIC COMMENT='Х║▄Ф■©Е▄╨Е÷÷Е°╟Е╥·Е╦┌Д©║Ф│╞Х║╗';

/*Data for the table `tb_cities` */

insert  into `tb_cities`(`cityid`,`city`,`provinceid`) values ('110100','Е╦┌Х╬√Е▄╨','110000'),('110200','Е▌©','110000'),('120100','Е╦┌Х╬√Е▄╨','120000'),('120200','Е▌©','120000'),('130100','Г÷ЁЕ╝╤Е╨└Е╦┌','130000'),('130200','Е■░Е╠╠Е╦┌','130000'),('130300','Г╖╕Г ┤Е╡⌡Е╦┌','130000'),('130400','И┌╞И┐╦Е╦┌','130000'),('130500','И┌╒Е▐╟Е╦┌','130000'),('130600','Д©²Е╝ Е╦┌','130000'),('130700','Е╪═Е╝╤Е▐ёЕ╦┌','130000'),('130800','Ф┴©Е╬╥Е╦┌','130000'),('130900','Ф╡╖Е╥·Е╦┌','130000'),('131000','Е╩┼Е²┼Е╦┌','130000'),('131100','Х║║Ф╟╢Е╦┌','130000'),('140100','Е╓╙Е▌÷Е╦┌','140000'),('140200','Е╓╖Е░▄Е╦┌','140000'),('140300','И≤ЁФЁ┴Е╦┌','140000'),('140400','И∙©Ф╡╩Е╦┌','140000'),('140500','Ф≥▀Е÷▌Е╦┌','140000'),('140600','Ф°■Е╥·Е╦┌','140000'),('140700','Ф≥▀Д╦╜Е╦┌','140000'),('140800','Х©░Е÷▌Е╦┌','140000'),('140900','Е©╩Е╥·Е╦┌','140000'),('141000','Д╦╢Ф╠╬Е╦┌','140000'),('141100','Е░∙Ф╒│Е╦┌','140000'),('150100','Е▒╪Е▓▄Ф╣╘Г┴╧Е╦┌','150000'),('150200','Е▄┘Е╓╢Е╦┌','150000'),('150300','Д╧▄Ф╣╥Е╦┌','150000'),('150400','Х╣╓ЕЁ╟Е╦┌','150000'),('150500','И─ Х╬╫Е╦┌','150000'),('150600','И└┌Е╟■Е╓ Ф√╞Е╦┌','150000'),('150700','Е▒╪Д╪╕Х╢²Е╟■Е╦┌','150000'),('150800','Е╥╢Е╫╕Ф╥√Е╟■Е╦┌','150000'),('150900','Д╧▄Е┘╟Е╞÷Е╦┐Е╦┌','150000'),('152200','Е┘╢Е╝┴Г⌡÷','150000'),('152500','И■║Ф·≈И┐╜Е▀▓Г⌡÷','150000'),('152900','И≤©Ф▀┴Е√└Г⌡÷','150000'),('210100','Ф╡┬И≤ЁЕ╦┌','210000'),('210200','Е╓╖Х©·Е╦┌','210000'),('210300','И·█Е╠╠Е╦┌','210000'),('210400','Ф┼ И║╨Е╦┌','210000'),('210500','Ф°╛Ф╨╙Е╦┌','210000'),('210600','Д╦╧Д╦°Е╦┌','210000'),('210700','И■╕Е╥·Е╦┌','210000'),('210800','Х░╔Е▐ёЕ╦┌','210000'),('210900','И≤°Ф√╟Е╦┌','210000'),('211000','Х╬╫И≤ЁЕ╦┌','210000'),('211100','Г⌡≤И■╕Е╦┌','210000'),('211200','И⌠│Е╡╜Е╦┌','210000'),('211300','Ф°²И≤ЁЕ╦┌','210000'),('211400','Х▒╚Х┼╕Е╡⌡Е╦┌','210000'),('220100','И∙©Ф≤╔Е╦┌','220000'),('220200','Е░┴Ф·≈Е╦┌','220000'),('220300','Е⌡⌡Е╧ЁЕ╦┌','220000'),('220400','Х╬╫Ф╨░Е╦┌','220000'),('220500','И─ Е▄√Е╦┌','220000'),('220600','Г≥╫Е╠╠Е╦┌','220000'),('220700','Ф²╬Е▌÷Е╦┌','220000'),('220800','Г≥╫Е÷▌Е╦┌','220000'),('222400','Е╩╤Х╬╧Ф°²И╡°Ф≈▐Х┤╙Ф╡╩Е╥·','220000'),('230100','Е⌠┬Е╟■Ф╩╗Е╦┌','230000'),('230200','И╫░И╫░Е⌠┬Е╟■Е╦┌','230000'),('230300','И╦║Х╔©Е╦┌','230000'),('230400','И╧╓Е╡≈Е╦┌','230000'),('230500','Е▐▄И╦╜Е╠╠Е╦┌','230000'),('230600','Е╓╖Е╨├Е╦┌','230000'),('230700','Д╪┼Ф≤╔Е╦┌','230000'),('230800','Д╫ЁФ°╗Ф√╞Е╦┌','230000'),('230900','Д╦┐Е▐╟Ф╡ЁЕ╦┌','230000'),('231000','Г┴║Д╦╧Ф╠÷Е╦┌','230000'),('231100','И╩▒Ф╡ЁЕ╦┌','230000'),('231200','Г╩╔Е▄√Е╦┌','230000'),('232700','Е╓╖Е┘╢Е╝┴Е╡╜Е°╟Е▄╨','230000'),('310100','Е╦┌Х╬√Е▄╨','310000'),('310200','Е▌©','310000'),('320100','Е█≈Д╨╛Е╦┌','320000'),('320200','Ф≈═И■║Е╦┌','320000'),('320300','Е╬░Е╥·Е╦┌','320000'),('320400','Е╦╦Е╥·Е╦┌','320000'),('320500','Х▀▐Е╥·Е╦┌','320000'),('320600','Е█≈И─ Е╦┌','320000'),('320700','Х©·Д╨▒Ф╦╞Е╦┌','320000'),('320800','Ф╥╝Е╝┴Е╦┌','320000'),('320900','Г⌡░Е÷▌Е╦┌','320000'),('321000','Ф┴╛Е╥·Е╦┌','320000'),('321100','И∙┤Ф╠÷Е╦┌','320000'),('321200','ФЁ╟Е╥·Е╦┌','320000'),('321300','Е╝©Х©│Е╦┌','320000'),('330100','Ф²╜Е╥·Е╦┌','330000'),('330200','Е╝│ФЁ╒Е╦┌','330000'),('330300','Ф╦╘Е╥·Е╦┌','330000'),('330400','Е≤┴Е┘╢Е╦┌','330000'),('330500','Ф╧√Е╥·Е╦┌','330000'),('330600','Г╩█Е┘╢Е╦┌','330000'),('330700','И┤▒Е█▌Е╦┌','330000'),('330800','Х║╒Е╥·Е╦┌','330000'),('330900','Х┬÷Е╠╠Е╦┌','330000'),('331000','Е▐╟Е╥·Е╦┌','330000'),('331100','Д╦╫Ф╟╢Е╦┌','330000'),('340100','Е░┬Х┌╔Е╦┌','340000'),('340200','Х┼°Ф╧√Е╦┌','340000'),('340300','Х ▄Е÷═Е╦┌','340000'),('340400','Ф╥╝Е█≈Е╦┌','340000'),('340500','И╘╛И·█Е╠╠Е╦┌','340000'),('340600','Ф╥╝Е▄≈Е╦┌','340000'),('340700','И⌠°И≥╣Е╦┌','340000'),('340800','Е╝┴Е╨├Е╦┌','340000'),('341000','И╩└Е╠╠Е╦┌','340000'),('341100','Ф╩│Е╥·Е╦┌','340000'),('341200','И≤°И≤ЁЕ╦┌','340000'),('341300','Е╝©Е╥·Е╦┌','340000'),('341400','Е╥╒Ф╧√Е╦┌','340000'),('341500','Е┘╜Е╝┴Е╦┌','340000'),('341600','Д╨ЁЕ╥·Е╦┌','340000'),('341700','Ф╠═Е╥·Е╦┌','340000'),('341800','Е╝ёЕ÷▌Е╦┌','340000'),('350100','Г╕▐Е╥·Е╦┌','350000'),('350200','Е▌╕И≈╗Е╦┌','350000'),('350300','Х▌├Г■╟Е╦┌','350000'),('350400','Д╦┴Ф≤▌Е╦┌','350000'),('350500','ФЁ┴Е╥·Е╦┌','350000'),('350600','Ф╪ЁЕ╥·Е╦┌','350000'),('350700','Е█≈Е╧ЁЕ╦┌','350000'),('350800','И╬≥Е╡╘Е╦┌','350000'),('350900','Е╝│Е╬╥Е╦┌','350000'),('360100','Е█≈Ф≤▄Е╦┌','360000'),('360200','Ф≥╞Е╬╥И∙┤Е╦┌','360000'),('360300','Х░█Д╧║Е╦┌','360000'),('360400','Д╧²Ф╠÷Е╦┌','360000'),('360500','Ф√╟Д╫≥Е╦┌','360000'),('360600','И╧╟Ф╫╜Е╦┌','360000'),('360700','Х╣ёЕ╥·Е╦┌','360000'),('360800','Е░┴Е╝┴Е╦┌','360000'),('360900','Е╝°Ф≤╔Е╦┌','360000'),('361000','Ф┼ Е╥·Е╦┌','360000'),('361100','Д╦┼И╔╤Е╦┌','360000'),('370100','Ф╣▌Е█≈Е╦┌','370000'),('370200','И²▓Е╡⌡Е╦┌','370000'),('370300','Ф╥└Е█ Е╦┌','370000'),('370400','Ф·ёЕ╨└Е╦┌','370000'),('370500','Д╦°Х░╔Е╦┌','370000'),('370600','Г┐÷Е▐╟Е╦┌','370000'),('370700','Ф╫█Е²┼Е╦┌','370000'),('370800','Ф╣▌Е╝│Е╦┌','370000'),('370900','ФЁ╟Е╝┴Е╦┌','370000'),('371000','Е╗│Ф╣╥Е╦┌','370000'),('371100','Ф≈╔Г┘╖Е╦┌','370000'),('371200','Х▌╠Х┼°Е╦┌','370000'),('371300','Д╦╢Ф╡┌Е╦┌','370000'),('371400','Е╬╥Е╥·Е╦┌','370000'),('371500','Х│┼Е÷▌Е╦┌','370000'),('371600','Ф╩╗Е╥·Е╦┌','370000'),('371700','Х█╥ФЁ╫Е╦┌','370000'),('410100','И┐▒Е╥·Е╦┌','410000'),('410200','Е╪─Е╟│Е╦┌','410000'),('410300','Ф╢⌡И≤ЁЕ╦┌','410000'),('410400','Е╧ЁИ║╤Е╠╠Е╦┌','410000'),('410500','Е╝┴И≤ЁЕ╦┌','410000'),('410600','И╧╓Её│Е╦┌','410000'),('410700','Ф√╟Д╧║Е╦┌','410000'),('410800','Г└╕Д╫°Е╦┌','410000'),('410900','Ф©╝И≤ЁЕ╦┌','410000'),('411000','Х╝╦Ф≤▄Е╦┌','410000'),('411100','Ф╪╞Ф╡ЁЕ╦┌','410000'),('411200','Д╦┴И≈╗ЕЁ║Е╦┌','410000'),('411300','Е█≈И≤ЁЕ╦┌','410000'),('411400','Е∙├Д╦≤Е╦┌','410000'),('411500','Д©║И≤ЁЕ╦┌','410000'),('411600','Е▒╗Е▐ёЕ╦┌','410000'),('411700','И╘╩И╘╛Е╨≈Е╦┌','410000'),('420100','Ф╜╕Ф╠┴Е╦┌','420000'),('420200','И╩└Г÷ЁЕ╦┌','420000'),('420300','Е█│Е═╟Е╦┌','420000'),('420500','Е╝°Ф≤▄Е╦┌','420000'),('420600','Х╔└Ф╗┼Е╦┌','420000'),('420700','И└┌Е╥·Е╦┌','420000'),('420800','Х█├И≈╗Е╦┌','420000'),('420900','Е╜²Ф└÷Е╦┌','420000'),('421000','Х█├Е╥·Е╦┌','420000'),('421100','И╩└Е├┬Е╦┌','420000'),('421200','Е▓╦Е╝│Е╦┌','420000'),('421300','И ▐Е╥·Е╦┌','420000'),('422800','Ф│╘Ф√╫Е°÷Е╝╤Ф≈▐Х▀≈Ф≈▐Х┤╙Ф╡╩Е╥·','420000'),('429000','Г°│Г⌡╢Х╬√Х║▄Ф■©Е█∙Д╫█','420000'),('430100','И∙©Ф╡≥Е╦┌','430000'),('430200','Ф═╙Ф╢╡Е╦┌','430000'),('430300','Ф╧≤Ф╫╜Е╦┌','430000'),('430400','Х║║И≤ЁЕ╦┌','430000'),('430500','И┌╣И≤ЁЕ╦┌','430000'),('430600','Е╡ЁИ≤ЁЕ╦┌','430000'),('430700','Е╦╦Е╬╥Е╦┌','430000'),('430800','Е╪═Е╝╤Г∙▄Е╦┌','430000'),('430900','Г⌡┼И≤ЁЕ╦┌','430000'),('431000','И┐╢Е╥·Е╦┌','430000'),('431100','Ф╟╦Е╥·Е╦┌','430000'),('431200','Ф──Е▄√Е╦┌','430000'),('431300','Е╗└Е╨∙Е╦┌','430000'),('433100','Ф╧≤Х╔©Е°÷Е╝╤Ф≈▐Х▀≈Ф≈▐Х┤╙Ф╡╩Е╥·','430000'),('440100','Е╧©Е╥·Е╦┌','440000'),('440200','И÷╤Е┘ЁЕ╦┌','440000'),('440300','Ф╥╠Е°ЁЕ╦┌','440000'),('440400','Г▐═Ф╣╥Е╦┌','440000'),('440500','Ф╠∙Е╓╢Е╦┌','440000'),('440600','Д╫⌡Е╠╠Е╦┌','440000'),('440700','Ф╠÷И≈╗Е╦┌','440000'),('440800','Ф╧⌡Ф╠÷Е╦┌','440000'),('440900','Х▄┌Е░█Е╦┌','440000'),('441200','Х┌┤Е╨├Е╦┌','440000'),('441300','Ф┐═Е╥·Е╦┌','440000'),('441400','Ф╒┘Е╥·Е╦┌','440000'),('441500','Ф╠∙Е╟╬Е╦┌','440000'),('441600','Ф╡ЁФ╨░Е╦┌','440000'),('441700','И≤ЁФ╠÷Е╦┌','440000'),('441800','Ф╦┘Х©°Е╦┌','440000'),('441900','Д╦°Х▌·Е╦┌','440000'),('442000','Д╦╜Е╠╠Е╦┌','440000'),('445100','Ф╫╝Е╥·Е╦┌','440000'),('445200','Ф▐╜И≤ЁЕ╦┌','440000'),('445300','Д╨▒Ф╣╝Е╦┌','440000'),('450100','Е█≈Е╝│Е╦┌','450000'),('450200','Ф÷ЁЕ╥·Е╦┌','450000'),('450300','Ф║┌Ф·≈Е╦┌','450000'),('450400','Ф╒╖Е╥·Е╦┌','450000'),('450500','Е▄≈Ф╣╥Е╦┌','450000'),('450600','И≤╡Е÷▌Ф╦╞Е╦┌','450000'),('450700','И▓╕Е╥·Е╦┌','450000'),('450800','Х╢╣Ф╦╞Е╦┌','450000'),('450900','Г▌┴Ф·≈Е╦┌','450000'),('451000','Г≥╬Х┴╡Е╦┌','450000'),('451100','Х╢╨Е╥·Е╦┌','450000'),('451200','Ф╡ЁФ╠═Е╦┌','450000'),('451300','Ф²╔Е╝╬Е╦┌','450000'),('451400','Е╢┤Е╥╕Е╦┌','450000'),('460100','Ф╣╥Е▐ёЕ╦┌','460000'),('460200','Д╦┴Д╨ Е╦┌','460000'),('469000','Г°│Г⌡╢Х╬√Е▌©Г╨╖Х║▄Ф■©Е█∙Д╫█','460000'),('500100','Е╦┌Х╬√Е▄╨','500000'),('500200','Е▌©','500000'),('500300','Е╦┌','500000'),('510100','Ф┬░И┐╫Е╦┌','510000'),('510300','Х┤╙Х╢║Е╦┌','510000'),('510400','Ф■─Ф·²Х┼╠Е╦┌','510000'),('510500','ФЁ╦Е╥·Е╦┌','510000'),('510600','Е╬╥И≤ЁЕ╦┌','510000'),('510700','Г╩╣И≤ЁЕ╦┌','510000'),('510800','Е╧©Е┘┐Е╦┌','510000'),('510900','И│┌Е╝│Е╦┌','510000'),('511000','Е├┘Ф╠÷Е╦┌','510000'),('511100','Д╧░Е╠╠Е╦┌','510000'),('511300','Е█≈Е┘┘Е╦┌','510000'),('511400','Г°┴Е╠╠Е╦┌','510000'),('511500','Е╝°Е╝╬Е╦┌','510000'),('511600','Е╧©Е╝┴Е╦┌','510000'),('511700','Х╬╬Е╥·Е╦┌','510000'),('511800','И⌡┘Е╝┴Е╦┌','510000'),('511900','Е╥╢Д╦╜Е╦┌','510000'),('512000','Х╣└И≤ЁЕ╦┌','510000'),('513200','И≤©Е²²Х≈▐Ф≈▐Г╬▄Ф≈▐Х┤╙Ф╡╩Е╥·','510000'),('513300','Г■≤Е╜°Х≈▐Ф≈▐Х┤╙Ф╡╩Е╥·','510000'),('513400','Е┤┴Е╠╠Е╫²Ф≈▐Х┤╙Ф╡╩Е╥·','510000'),('520100','Х╢╣И≤ЁЕ╦┌','520000'),('520200','Е┘╜Г⌡≤Ф╟╢Е╦┌','520000'),('520300','И│╣Д╧┴Е╦┌','520000'),('520400','Е╝┴И║╨Е╦┌','520000'),('522200','И⌠°Д╩│Е°╟Е▄╨','520000'),('522300','И╩■Х╔©Е█≈Е╦┐Д╬²Ф≈▐Х▀≈Ф≈▐Х┤╙Ф╡╩Е╥·','520000'),('522400','Ф╞∙Х┼┌Е°╟Е▄╨','520000'),('522600','И╩■Д╦°Е█≈Х▀≈Ф≈▐Д╬≈Ф≈▐Х┤╙Ф╡╩Е╥·','520000'),('522700','И╩■Е█≈Е╦┐Д╬²Ф≈▐Х▀≈Ф≈▐Х┤╙Ф╡╩Е╥·','520000'),('530100','Ф≤├Ф≤▌Е╦┌','530000'),('530300','Ф⌡╡И²√Е╦┌','530000'),('530400','Г▌┴Ф╨╙Е╦┌','530000'),('530500','Д©²Е╠╠Е╦┌','530000'),('530600','Ф≤╜И─ Е╦┌','530000'),('530700','Д╦╫Ф╠÷Е╦┌','530000'),('530800','Ф─²Х▄┘Е╦┌','530000'),('530900','Д╦╢Ф╡╖Е╦┌','530000'),('532300','Ф╔ И⌡└Е╫²Ф≈▐Х┤╙Ф╡╩Е╥·','530000'),('532500','Г╨╒Ф╡ЁЕ⌠┬Е╟╪Ф≈▐Е╫²Ф≈▐Х┤╙Ф╡╩Е╥·','530000'),('532600','Ф√┤Е╠╠Её╝Ф≈▐Х▀≈Ф≈▐Х┤╙Ф╡╩Е╥·','530000'),('532800','Х╔©Е▐▄Г┴┬Г╨ЁЕ┌ёФ≈▐Х┤╙Ф╡╩Е╥·','530000'),('532900','Е╓╖Г░├Г≥╫Ф≈▐Х┤╙Ф╡╩Е╥·','530000'),('533100','Е╬╥Е╝▐Е┌ёФ≈▐Ф≥╞И╒┤Ф≈▐Х┤╙Ф╡╩Е╥·','530000'),('533300','Ф─▓Ф╠÷Е┌┬Е┐ЁФ≈▐Х┤╙Ф╡╩Е╥·','530000'),('533400','Х©╙Е╨├Х≈▐Ф≈▐Х┤╙Ф╡╩Е╥·','530000'),('540100','Ф▀┴Х░╗Е╦┌','540000'),('542100','Ф≤▄И┐╫Е°╟Е▄╨','540000'),('542200','Е╠╠Е█≈Е°╟Е▄╨','540000'),('542300','Ф≈╔Е√─Е┬≥Е°╟Е▄╨','540000'),('542400','И┌ёФ⌡╡Е°╟Е▄╨','540000'),('542500','И≤©И┤▄Е°╟Е▄╨','540000'),('542600','Ф·≈Х┼²Е°╟Е▄╨','540000'),('610100','Х╔©Е╝┴Е╦┌','610000'),('610200','И⌠°Е╥²Е╦┌','610000'),('610300','Е╝²И╦║Е╦┌','610000'),('610400','Е▓╦И≤ЁЕ╦┌','610000'),('610500','Ф╦╜Е█≈Е╦┌','610000'),('610600','Е╩╤Е╝┴Е╦┌','610000'),('610700','Ф╠┴Д╦╜Е╦┌','610000'),('610800','Ф╕├Ф·≈Е╦┌','610000'),('610900','Е╝┴Е╨╥Е╦┌','610000'),('611000','Е∙├Ф╢⌡Е╦┌','610000'),('620100','Е┘╟Е╥·Е╦┌','620000'),('620200','Е≤┴ЕЁ╙Е┘ЁЕ╦┌','620000'),('620300','И┤▒Ф≤▄Е╦┌','620000'),('620400','Г≥╫И⌠╤Е╦┌','620000'),('620500','Е╓╘Ф╟╢Е╦┌','620000'),('620600','Ф╜╕Е╗│Е╦┌','620000'),('620700','Е╪═Ф▌√Е╦┌','620000'),('620800','Е╧ЁЕ┤┴Е╦┌','620000'),('620900','И┘▓ФЁ┴Е╦┌','620000'),('621000','Е╨├И≤ЁЕ╦┌','620000'),('621100','Е╝ Х╔©Е╦┌','620000'),('621200','И≥┤Е█≈Е╦┌','620000'),('622900','Д╦╢Е╓▐Е⌡·Ф≈▐Х┤╙Ф╡╩Е╥·','620000'),('623000','Г■≤Е█≈Х≈▐Ф≈▐Х┤╙Ф╡╩Е╥·','620000'),('630100','Х╔©Е╝│Е╦┌','630000'),('632100','Ф╣╥Д╦°Е°╟Е▄╨','630000'),('632200','Ф╣╥Е▄≈Х≈▐Ф≈▐Х┤╙Ф╡╩Е╥·','630000'),('632300','И╩└Е█≈Х≈▐Ф≈▐Х┤╙Ф╡╩Е╥·','630000'),('632500','Ф╣╥Е█≈Х≈▐Ф≈▐Х┤╙Ф╡╩Е╥·','630000'),('632600','Ф·°Ф╢⌡Х≈▐Ф≈▐Х┤╙Ф╡╩Е╥·','630000'),('632700','Г▌┴Ф═▒Х≈▐Ф≈▐Х┤╙Ф╡╩Е╥·','630000'),('632800','Ф╣╥Х╔©Х▓≥Е▐╓Ф≈▐Х≈▐Ф≈▐Х┤╙Ф╡╩Е╥·','630000'),('640100','И⌠╤Е╥²Е╦┌','640000'),('640200','Г÷ЁЕ≤╢Е╠╠Е╦┌','640000'),('640300','Е░╢Е©═Е╦┌','640000'),('640400','Е⌡╨Е▌÷Е╦┌','640000'),('640500','Д╦╜Е█╚Е╦┌','640000'),('650100','Д╧▄И╡│Ф°╗И╫░Е╦┌','650000'),('650200','Е┘▀Ф▀┴Г▌⌡Д╬²Е╦┌','650000'),('652100','Е░░И╡│Г∙╙Е°╟Е▄╨','650000'),('652200','Е⌠┬Е╞├Е°╟Е▄╨','650000'),('652300','Ф≤▄Е░┴Е⌡·Ф≈▐Х┤╙Ф╡╩Е╥·','650000'),('652700','Е█ Е╟■Е║■Ф▀┴Х▓≥Е▐╓Х┤╙Ф╡╩Е╥·','650000'),('652800','Е╥╢И÷ЁИ┐╜Ф╔·Х▓≥Е▐╓Х┤╙Ф╡╩Е╥·','650000'),('652900','И≤©Е┘▀Х▀▐Е°╟Е▄╨','650000'),('653000','Е┘▀Е╜°Е▀▓Х▀▐Ф÷╞Е╟■Е┘▀Е╜°Х┤╙Ф╡╩Е╥·','650000'),('653100','Е√─Д╩─Е°╟Е▄╨','650000'),('653200','Е▓▄Г■╟Е°╟Е▄╨','650000'),('654000','Д╪┼Г┼│Е⌠┬Х░╗Е┘▀Х┤╙Ф╡╩Е╥·','650000'),('654200','Е║■Е÷▌Е°╟Е▄╨','650000'),('654300','И≤©Е▀▓ФЁ╟Е°╟Е▄╨','650000'),('659000','Г°│Г⌡╢Х╬√Х║▄Ф■©Е█∙Д╫█','650000');

/*Table structure for table `tb_freight_template` */

DROP TABLE IF EXISTS `tb_freight_template`;

CREATE TABLE `tb_freight_template` (
  `id` int(11) NOT NULL AUTO_INCREMENT COMMENT 'ID',
  `name` varchar(50) DEFAULT NULL COMMENT 'Ф╗║Ф²©Е░█Г╖╟',
  `type` char(1) DEFAULT NULL COMMENT 'Х╝║Х╢╧Ф√╧Е╪▐',
  PRIMARY KEY (`id`) USING BTREE
) ENGINE=InnoDB DEFAULT CHARSET=utf8 ROW_FORMAT=DYNAMIC;

/*Data for the table `tb_freight_template` */

/*Table structure for table `tb_provinces` */

DROP TABLE IF EXISTS `tb_provinces`;

CREATE TABLE `tb_provinces` (
  `provinceid` varchar(20) NOT NULL COMMENT 'Г°│Д╩╫ID',
  `province` varchar(50) NOT NULL COMMENT 'Г°│Д╩╫Е░█Г╖╟',
  PRIMARY KEY (`provinceid`) USING BTREE
) ENGINE=InnoDB DEFAULT CHARSET=utf8 ROW_FORMAT=DYNAMIC COMMENT='Г°│Д╩╫Д©║Ф│╞Х║╗';

/*Data for the table `tb_provinces` */

insert  into `tb_provinces`(`provinceid`,`province`) values ('110000','Е▄≈Д╨╛Е╦┌'),('120000','Е╓╘Ф╢╔Е╦┌'),('130000','Ф╡ЁЕ▄≈Г°│'),('140000','Е╠╠Х╔©Г°│'),('150000','Е├┘Х▓≥Е▐╓Х┤╙Ф╡╩Е▄╨'),('210000','Х╬╫Е╝│Г°│'),('220000','Е░┴Ф·≈Г°│'),('230000','И╩▒И╬≥Ф╠÷Г°│'),('310000','Д╦┼Ф╣╥Е╦┌'),('320000','Ф╠÷Х▀▐Г°│'),('330000','Ф╣≥Ф╠÷Г°│'),('340000','Е╝┴Е╬╫Г°│'),('350000','Г╕▐Е╩╨Г°│'),('360000','Ф╠÷Х╔©Г°│'),('370000','Е╠╠Д╦°Г°│'),('410000','Ф╡ЁЕ█≈Г°│'),('420000','Ф╧√Е▄≈Г°│'),('430000','Ф╧√Е█≈Г°│'),('440000','Е╧©Д╦°Г°│'),('450000','Е╧©Х╔©Её╝Ф≈▐Х┤╙Ф╡╩Е▄╨'),('460000','Ф╣╥Е█≈Г°│'),('500000','И┤█Е╨├Е╦┌'),('510000','Е⌡⌡Е╥²Г°│'),('520000','Х╢╣Е╥·Г°│'),('530000','Д╨▒Е█≈Г°│'),('540000','Х╔©Х≈▐Х┤╙Ф╡╩Е▄╨'),('610000','И≥∙Х╔©Г°│'),('620000','Г■≤Х┌┐Г°│'),('630000','И²▓Ф╣╥Г°│'),('640000','Е╝│Е╓▐Е⌡·Ф≈▐Х┤╙Ф╡╩Е▄╨'),('650000','Ф√╟Г√├Г╩╢Е░╬Е╟■Х┤╙Ф╡╩Е▄╨'),('710000','Е▐╟Ф╧╬Г°│'),('810000','И╕≥Ф╦╞Г┴╧Е┬╚Х║▄Ф■©Е▄╨'),('820000','Ф╬ЁИ≈╗Г┴╧Е┬╚Х║▄');

/*Table structure for table `tb_user` */

DROP TABLE IF EXISTS `tb_user`;

CREATE TABLE `tb_user` (
  `username` varchar(50) NOT NULL COMMENT 'Г■╗Ф┬╥Е░█',
  `password` varchar(60) NOT NULL COMMENT 'Е╞├Г═│О╪▄Е┼═Е╞├Е╜≤Е┌╗',
  `phone` varchar(20) DEFAULT NULL COMMENT 'ФЁ╗Е├▄Ф┴▀Ф°╨Е▐╥',
  `email` varchar(50) DEFAULT NULL COMMENT 'ФЁ╗Е├▄И┌╝Г╝╠',
  `created` datetime NOT NULL COMMENT 'Е┬⌡Е╩╨Ф≈╤И≈╢',
  `updated` datetime NOT NULL COMMENT 'Д©╝Ф■╧Ф≈╤И≈╢',
  `source_type` varchar(1) DEFAULT NULL COMMENT 'Д╪ Е▒≤Ф²╔Ф╨░О╪ 1:PCО╪▄2О╪ H5О╪▄3О╪ AndroidО╪▄4О╪ IOS',
  `nick_name` varchar(50) DEFAULT NULL COMMENT 'Ф≤╣Г╖╟',
  `name` varchar(50) DEFAULT NULL COMMENT 'Г°÷Е╝·Е╖⌠Е░█',
  `status` varchar(1) DEFAULT NULL COMMENT 'Д╫©Г■╗Г┼╤Ф─│О╪┬1Ф╜ёЕ╦╦ 0И²·Ф╜ёЕ╦╦О╪┴',
  `head_pic` varchar(150) DEFAULT NULL COMMENT 'Е╓╢Е┐▐Е°╟Е²─',
  `qq` varchar(20) DEFAULT NULL COMMENT 'QQЕ▐╥Г═│',
  `is_mobile_check` varchar(1) DEFAULT '0' COMMENT 'Ф┴▀Ф°╨Ф≤╞Е░╕И╙▄Х╞│ О╪┬0Е░╕  1Ф≤╞О╪┴',
  `is_email_check` varchar(1) DEFAULT '0' COMMENT 'И┌╝Г╝╠Ф≤╞Е░╕Фё─Ф╣▀О╪┬0Е░╕  1Ф≤╞О╪┴',
  `sex` varchar(1) DEFAULT '1' COMMENT 'Ф─╖Е┬╚О╪▄1Г■╥О╪▄0Е╔Ё',
  `user_level` int(11) DEFAULT NULL COMMENT 'Д╪ Е▒≤Г╜┴Г╨╖',
  `points` int(11) DEFAULT NULL COMMENT 'Г╖╞Е┬├',
  `experience_value` int(11) DEFAULT NULL COMMENT 'Г╩▐И╙▄Е─╪',
  `birthday` datetime DEFAULT NULL COMMENT 'Е┤╨Г■÷Е╧╢Ф°┬Ф≈╔',
  `last_login_time` datetime DEFAULT NULL COMMENT 'Ф°─Е░▌Г≥╩Е╫∙Ф≈╤И≈╢',
  PRIMARY KEY (`username`) USING BTREE,
  UNIQUE KEY `username` (`username`) USING BTREE
) ENGINE=InnoDB DEFAULT CHARSET=utf8 ROW_FORMAT=DYNAMIC COMMENT='Г■╗Ф┬╥Х║╗';

/*Data for the table `tb_user` */

insert  into `tb_user`(`username`,`password`,`phone`,`email`,`created`,`updated`,`source_type`,`nick_name`,`name`,`status`,`head_pic`,`qq`,`is_mobile_check`,`is_email_check`,`sex`,`user_level`,`points`,`experience_value`,`birthday`,`last_login_time`) values ('13904211939','123123','13904211939',NULL,'2019-03-06 15:40:47','2019-03-06 15:40:47',NULL,NULL,NULL,'1',NULL,NULL,'1','0',NULL,NULL,0,NULL,NULL,NULL),('17701265258','111222','17701265258',NULL,'2019-03-06 15:22:32','2019-03-06 15:22:32',NULL,NULL,NULL,'1',NULL,NULL,'1','0',NULL,NULL,0,NULL,NULL,NULL),('chuanzhi777','f1c1592588411002af340cbaedd6fc33','17701265258',NULL,'2018-08-07 21:19:08','2018-08-07 21:19:08',NULL,NULL,NULL,NULL,NULL,NULL,NULL,NULL,NULL,NULL,NULL,NULL,NULL,NULL),('honghaier','f14029217ff5e7a50cdc7e70f686cf29','13919991999',NULL,'2017-10-08 11:23:02','2017-10-08 11:23:02',NULL,NULL,NULL,NULL,NULL,NULL,NULL,NULL,NULL,NULL,NULL,NULL,NULL,NULL),('lijialong','4297f44b13955235245b2497399d7a93','13260006290',NULL,'2017-08-20 12:23:37','2017-08-20 12:23:37',NULL,NULL,NULL,'1',NULL,NULL,NULL,NULL,NULL,NULL,NULL,NULL,NULL,NULL),('lisi','8fbaad286e993d37b34b41749894b4a7','13401341444',NULL,'2017-08-20 11:08:29','2017-08-20 11:08:29',NULL,NULL,NULL,'1',NULL,NULL,NULL,NULL,NULL,NULL,NULL,NULL,NULL,NULL),('litianwang','b0baee9d279d34fa1dfd71aadb908c3f','17338118923',NULL,'2017-10-08 12:28:25','2017-10-08 12:28:25',NULL,NULL,NULL,NULL,NULL,NULL,NULL,NULL,NULL,NULL,NULL,NULL,NULL,NULL),('nezha','1a100d2c0dab19c4430e7d73762b3423','17338118923',NULL,'2017-10-08 12:23:27','2017-10-08 12:23:27',NULL,NULL,NULL,NULL,NULL,NULL,NULL,NULL,NULL,NULL,NULL,NULL,NULL,NULL),('niumowang','4297f44b13955235245b2497399d7a93','13900112222',NULL,'2017-10-07 23:46:53','2017-10-07 23:46:53',NULL,NULL,NULL,NULL,NULL,NULL,NULL,NULL,NULL,NULL,NULL,NULL,NULL,NULL),('shaheshang','96e79218965eb72c92a549dd5a330112','13900112222',NULL,'2017-08-19 22:37:44','2017-08-19 22:37:44',NULL,NULL,NULL,NULL,NULL,NULL,NULL,NULL,NULL,NULL,NULL,NULL,NULL,NULL),('sunwukong','$2a$10$K3uchmwne5JeGgtzk88YpuxN8mheOfpsw3kRQYZ2CA8.uHLpiYeUO','1112221111',NULL,'2017-08-19 20:50:21','2017-08-19 20:50:21',NULL,NULL,NULL,NULL,NULL,NULL,NULL,NULL,NULL,NULL,NULL,NULL,NULL,NULL),('taiba','97d84aa49109e72a54980e79802844be','17338118923',NULL,'2017-10-08 12:34:53','2017-10-08 12:34:53',NULL,NULL,NULL,NULL,NULL,NULL,NULL,NULL,NULL,NULL,NULL,NULL,NULL,NULL),('tangseng','4297f44b13955235245b2497399d7a93','13901223232',NULL,'2017-10-07 23:07:42','2017-10-07 23:07:42',NULL,NULL,NULL,NULL,NULL,NULL,NULL,NULL,NULL,NULL,NULL,NULL,NULL,NULL),('tieshanxian','f14029217ff5e7a50cdc7e70f686cf29','13999999999',NULL,'2017-10-08 12:10:26','2017-10-08 12:10:26',NULL,NULL,NULL,NULL,NULL,NULL,NULL,NULL,NULL,NULL,NULL,NULL,NULL,NULL),('wangwu','d41d8cd98f00b204e9800998ecf8427e','13601566766',NULL,'2017-08-20 11:09:26','2017-08-20 11:09:26',NULL,NULL,NULL,'1',NULL,NULL,NULL,NULL,NULL,NULL,NULL,NULL,NULL,NULL),('xiaogao','967856e8dd46d819c09d4999e64b9eed','13900002222',NULL,'2018-08-08 11:56:41','2018-08-08 11:56:41',NULL,NULL,NULL,NULL,NULL,NULL,NULL,NULL,NULL,NULL,NULL,NULL,NULL,NULL),('xiaoxiong','4297f44b13955235245b2497399d7a93','13900009999',NULL,'2018-08-08 12:30:12','2018-08-08 12:30:12',NULL,NULL,NULL,NULL,NULL,NULL,NULL,NULL,NULL,NULL,NULL,NULL,NULL,NULL),('zhangsan','00b7691d86d96aebd21dd9e138f90840','17701265258',NULL,'2017-08-19 23:44:45','2017-08-19 23:44:45',NULL,NULL,NULL,NULL,NULL,NULL,NULL,NULL,NULL,NULL,NULL,NULL,NULL,NULL),('zhaoliu','f379eaf3c831b04de153469d1bec345e','13669669966',NULL,'2017-08-20 12:09:27','2017-08-20 12:09:27',NULL,NULL,NULL,'1',NULL,NULL,NULL,NULL,NULL,NULL,NULL,NULL,NULL,NULL),('zhubajie','4297f44b13955235245b2497399d7a93','111122',NULL,'2017-08-19 21:00:23','2017-08-19 21:00:23',NULL,NULL,NULL,NULL,NULL,NULL,NULL,NULL,NULL,NULL,NULL,NULL,NULL,NULL);

/*Table structure for table `undo_log` */

DROP TABLE IF EXISTS `undo_log`;

CREATE TABLE `undo_log` (
  `id` bigint(20) NOT NULL AUTO_INCREMENT,
  `branch_id` bigint(20) NOT NULL,
  `xid` varchar(100) NOT NULL,
  `rollback_info` longblob NOT NULL,
  `log_status` int(11) NOT NULL,
  `log_created` datetime DEFAULT NULL,
  `log_modified` datetime DEFAULT NULL,
  `ext` varchar(100) DEFAULT NULL,
  PRIMARY KEY (`id`) USING BTREE,
  KEY `idx_unionkey` (`xid`,`branch_id`) USING BTREE
) ENGINE=InnoDB DEFAULT CHARSET=utf8 ROW_FORMAT=DYNAMIC;

/*Data for the table `undo_log` */

/*!40101 SET SQL_MODE=@OLD_SQL_MODE */;
/*!40014 SET FOREIGN_KEY_CHECKS=@OLD_FOREIGN_KEY_CHECKS */;
/*!40014 SET UNIQUE_CHECKS=@OLD_UNIQUE_CHECKS */;
/*!40111 SET SQL_NOTES=@OLD_SQL_NOTES */;
